candidate	year	ken	kuname	manifesto	kakusu.cand	kakusu.man
"与呉鋼二"	1955.0	"Aichi"	"Aichi 1"	"与呉鋼二"	28.0	28.0
"加藤清二"	1955.0	"Aichi"	"Aichi 2"	"加藤清二"	36.0	36.0
"久野忠治"	1955.0	"Aichi"	"Aichi 2"	"久野忠治"	30.0	30.0
"丹羽兵助"	1955.0	"Aichi"	"Aichi 2"	"丹羽兵助"	24.0	24.0
"河野金昇"	1955.0	"Aichi"	"Aichi 3"	"河野金昇"	35.0	35.0
"江崎真澄"	1955.0	"Aichi"	"Aichi 3"	"江崎真澄"	42.0	42.0
"栗林三郎"	1955.0	"Akita"	"Akita 2"	"栗林三郎"	30.0	30.0
"横銭重吉"	1955.0	"Chiba"	"Chiba 1"	"横錢重吉"	44.0	46.0
"関谷勝利"	1955.0	"Ehime"	"Ehime 1"	"関谷勝利"	40.0	40.0
"加藤宗平"	1955.0	"Fukushima"	"Fukushima 1"	"加藤宗平"	36.0	36.0
"柳原三郎"	1955.0	"Gifu"	"Gifu 1"	"柳原三郎"	31.0	31.0
"牧野良三"	1955.0	"Gifu"	"Gifu 2"	"牧野良三"	29.0	29.0
"石井繁丸"	1955.0	"Gunma"	"Gunma 1"	"石井繁丸"	28.0	28.0
"藤枝泉介"	1955.0	"Gunma"	"Gunma 1"	"藤枝泉介"	39.0	39.0
"松井豊吉"	1955.0	"Gunma"	"Gunma 2"	"松井豊吉"	31.0	31.0
"大原亨"	1955.0	"Hiroshima"	"Hiroshima 1"	"大原亨"	20.0	20.0
"松本俊一"	1955.0	"Hiroshima"	"Hiroshima 2"	"松本俊一"	23.0	23.0
"村上由"	1955.0	"Hokkaido"	"Hokkaido 4"	"村上由"	15.0	15.0
"富田健治"	1955.0	"Hyogo"	"Hyogo 2"	"富田健治"	36.0	36.0
"赤路友蔵"	1955.0	"Kagoshima"	"Kagoshima 1"	"赤路友蔵"	39.0	39.0
"宇田国栄"	1955.0	"Kagoshima"	"Kagoshima 1"	"宇田國栄"	28.0	31.0
"寺田市正"	1955.0	"Kagoshima"	"Kagoshima 2"	"寺田市正"	21.0	21.0
"永田正義"	1955.0	"Kumamoto"	"Kumamoto 2"	"永田正義"	28.0	28.0
"西村彰一"	1955.0	"Nagano"	"Nagano 1"	"西村彰一"	28.0	28.0
"林百郎"	1955.0	"Nagano"	"Nagano 3"	"林百郎"	23.0	23.0
"降旗徳弥"	1955.0	"Nagano"	"Nagano 4"	"降旗徳弥"	46.0	46.0
"石橋政嗣"	1955.0	"Nagasaki"	"Nagasaki 2"	"石橋政嗣"	43.0	43.0
"西村久之"	1955.0	"Nagasaki"	"Nagasaki 2"	"西村久之"	19.0	19.0
"青木康次"	1955.0	"Nara"	"Nara 1"	"青木康次"	29.0	29.0
"戸毛亮蔵"	1955.0	"Nara"	"Nara 1"	"戸毛亮蔵"	32.0	32.0
"高野雅臣"	1955.0	"Niigata"	"Niigata 3"	"高野雅臣"	41.0	41.0
"野依秀市"	1955.0	"Oita"	"Oita 2"	"野依秀市"	31.0	31.0
"大村清一"	1955.0	"Okayama"	"Okayama 1"	"大村清一"	22.0	22.0
"多賀安郎"	1955.0	"Okayama"	"Okayama 2"	"多賀安郎"	33.0	33.0
"伊藤忠輝"	1955.0	"Osaka"	"Osaka 1"	"伊藤忠輝"	47.0	47.0
"高碕達之助"	1955.0	"Osaka"	"Osaka 3"	"高碕達之助"	45.0	45.0
"浅香忠雄"	1955.0	"Osaka"	"Osaka 3"	"浅香忠雄"	38.0	38.0
"横川重次"	1955.0	"Saitama"	"Saitama 2"	"横川重次"	33.0	33.0
"足立篤郎"	1955.0	"Shizuoka"	"Shizuoka 3"	"足立篤郎"	37.0	37.0
"戸叶里子"	1955.0	"Tochigi"	"Tochigi 1"	"戸叶里子"	19.0	19.0
"岩間正男"	1955.0	"Tokyo"	"Tokyo 3"	"岩間正男"	32.0	32.0
"風早八十二"	1955.0	"Tokyo"	"Tokyo 4"	"風早八十二"	21.0	21.0
"神近市子"	1955.0	"Tokyo"	"Tokyo 5"	"神近市子"	24.0	25.0
"新井京太"	1955.0	"Tokyo"	"Tokyo 6"	"新井京太"	29.0	29.0
"林博"	1955.0	"Tokyo"	"Tokyo 6"	"林博"	20.0	20.0
"足鹿覚"	1955.0	"Tottori"	"Tottori 1"	"足鹿覺"	30.0	38.0
"三鍋義三"	1955.0	"Toyama"	"Toyama 1"	"三鍋義三"	36.0	36.0
"佐野憲治"	1955.0	"Toyama"	"Toyama 2"	"佐野憲治"	42.0	42.0
"楠山義太郎"	1955.0	"Wakayama"	"Wakayama 2"	"楠山義太郎"	42.0	42.0
"加藤鐐五郎"	1958.0	"Aichi"	"Aichi 1"	"加藤鐐五郎"	56.0	56.0
"与呉鋼二"	1958.0	"Aichi"	"Aichi 1"	"与呉鋼二"	28.0	28.0
"杉浦彦衛"	1958.0	"Aichi"	"Aichi 4"	"杉浦彦衛"	42.0	42.0
"根本龍太郎"	1958.0	"Akita"	"Akita 2"	"根本龍太郎"	44.0	44.0
"三和精一"	1958.0	"Aomori"	"Aomori 2"	"三和精一"	26.0	26.0
"山村新治郎"	1958.0	"Chiba"	"Chiba 2"	"山村新治郎"	40.0	40.0
"小原美紀"	1958.0	"Chiba"	"Chiba 2"	"小原美紀"	31.0	31.0
"木倉和一郎"	1958.0	"Chiba"	"Chiba 2"	"木倉和一郎"	32.0	32.0
"寺島隆太郎"	1958.0	"Chiba"	"Chiba 2"	"寺島隆太郎"	40.0	40.0
"実川清之"	1958.0	"Chiba"	"Chiba 3"	"実川清之"	25.0	25.0
"清水栄"	1958.0	"Ehime"	"Ehime 3"	"清水栄"	24.0	24.0
"山本幸一"	1958.0	"Gifu"	"Gifu 1"	"山本幸一"	17.0	17.0
"重政誠之"	1958.0	"Hiroshima"	"Hiroshima 3"	"重政誠之"	34.0	34.0
"町村金五"	1958.0	"Hokkaido"	"Hokkaido 1"	"町村金五"	26.0	26.0
"川村善八郎"	1958.0	"Hokkaido"	"Hokkaido 3"	"川村善八郎"	33.0	33.0
"篠田弘作"	1958.0	"Hokkaido"	"Hokkaido 4"	"篠田弘作"	34.0	34.0
"山中日露史"	1958.0	"Hokkaido"	"Hokkaido 4"	"山中日露史"	37.0	37.0
"立花敏男"	1958.0	"Hyogo"	"Hyogo 1"	"立花敏男"	29.0	29.0
"富田喜作"	1958.0	"Ishikawa"	"Ishikawa 2"	"富田喜作"	36.0	36.0
"北山愛郎"	1958.0	"Iwate"	"Iwate 2"	"北山愛郎"	30.0	30.0
"春日正一"	1958.0	"Kanagawa"	"Kanagawa 1"	"春日正一"	19.0	19.0
"小泉純也"	1958.0	"Kanagawa"	"Kanagawa 2"	"小泉純也"	25.0	25.0
"大野熊雄"	1958.0	"Kyoto"	"Kyoto 1"	"大野熊雄"	40.0	40.0
"浜地文平"	1958.0	"Mie"	"Mie 2"	"浜地文平"	25.0	25.0
"大越稲穂"	1958.0	"Mie"	"Mie 2"	"大越稲穂"	44.0	44.0
"北村徳太郎"	1958.0	"Nagasaki"	"Nagasaki 2"	"北村徳太郎"	39.0	39.0
"秋山利恭"	1958.0	"Nara"	"Nara 1"	"秋山利恭"	29.0	29.0
"木暮山人"	1958.0	"Niigata"	"Niigata 2"	"木暮山人"	23.0	23.0
"鈴木吉治郎"	1958.0	"Niigata"	"Niigata 4"	"鈴木吉治郎"	40.0	40.0
"橋本龍伍"	1958.0	"Okayama"	"Okayama 2"	"橋本龍伍"	43.0	43.0
"有田二郎"	1958.0	"Osaka"	"Osaka 1"	"有田二郎"	22.0	22.0
"肥田次郎"	1958.0	"Osaka"	"Osaka 5"	"肥田次郎"	28.0	28.0
"保利茂"	1958.0	"Saga"	"Saga 1"	"保利茂"	24.0	24.0
"松山義雄"	1958.0	"Saitama"	"Saitama 2"	"松山義雄"	36.0	36.0
"奥村悦造"	1958.0	"Shiga"	"Shiga 1"	"奥村悦造"	39.0	39.0
"仲川半次郎"	1958.0	"Shiga"	"Shiga 1"	"仲川半次郎"	29.0	29.0
"櫻内義雄"	1958.0	"Shimane"	"Shimane 1"	"桜内義雄"	50.0	39.0
"山田弥一"	1958.0	"Shizuoka"	"Shizuoka 2"	"山田弥一"	17.0	17.0
"小笠公韶"	1958.0	"Tokushima"	"Tokushima 1"	"小笠公韶"	32.0	32.0
"岸本力男"	1958.0	"Tokyo"	"Tokyo 1"	"岸本力男"	22.0	22.0
"原彪"	1958.0	"Tokyo"	"Tokyo 1"	"原彪"	21.0	21.0
"宇都宮徳馬"	1958.0	"Tokyo"	"Tokyo 2"	"宇都宮徳馬"	51.0	51.0
"林博"	1958.0	"Tokyo"	"Tokyo 6"	"林博"	20.0	20.0
"松谷天光光"	1958.0	"Tokyo"	"Tokyo 7"	"松谷天光光"	31.0	31.0
"門脇勝太郎"	1958.0	"Tottori"	"Tottori 1"	"門脇勝太郎"	43.0	43.0
"稲田直道"	1958.0	"Tottori"	"Tottori 1"	"稲田直道"	39.0	39.0
"早川崇"	1958.0	"Wakayama"	"Wakayama 2"	"早川崇"	20.0	20.0
"鹿野彦吉"	1958.0	"Yamagata"	"Yamagata 1"	"鹿野彦吉"	37.0	37.0
"森国年男"	1958.0	"Yamagata"	"Yamagata 2"	"森国年男"	33.0	33.0
"山本利平"	1958.0	"Yamaguchi"	"Yamaguchi 1"	"山本利平"	20.0	20.0
"栗林三郎"	1963.0	"Akita"	"Akita 2"	"栗林三郎"	30.0	30.0
"始関伊平"	1963.0	"Chiba"	"Chiba 1"	"始関伊平"	33.0	33.0
"多賀谷真稔"	1963.0	"Fukuoka"	"Fukuoka 2"	"多賀谷真稔"	48.0	48.0
"八田貞義"	1963.0	"Fukushima"	"Fukushima 2"	"八田貞義"	29.0	29.0
"大野伴睦"	1963.0	"Gifu"	"Gifu 1"	"大野伴睦"	34.0	34.0
"茜久保重光"	1963.0	"Gunma"	"Gunma 1"	"茜久保重光"	36.0	36.0
"栗原俊夫"	1963.0	"Gunma"	"Gunma 3"	"栗原俊夫"	33.0	33.0
"島本虎三"	1963.0	"Hokkaido"	"Hokkaido 1"	"島本虎三"	26.0	26.0
"寿原正一"	1963.0	"Hokkaido"	"Hokkaido 1"	"壽原正一"	23.0	30.0
"川村善八郎"	1963.0	"Hokkaido"	"Hokkaido 3"	"川村善八郎"	33.0	33.0
"永田亮一"	1963.0	"Hyogo"	"Hyogo 2"	"永田亮一"	20.0	20.0
"三木喜夫"	1963.0	"Hyogo"	"Hyogo 4"	"三木喜夫"	23.0	23.0
"松浦清一"	1963.0	"Hyogo"	"Hyogo 4"	"松浦清一"	30.0	30.0
"堀川恭平"	1963.0	"Hyogo"	"Hyogo 4"	"堀川恭平"	29.0	29.0
"丹羽喬四郎"	1963.0	"Ibaraki"	"Ibaraki 3"	"丹羽喬四郎"	36.0	36.0
"北尾幸一"	1963.0	"Ishikawa"	"Ishikawa 2"	"北尾幸一"	21.0	21.0
"有馬輝武"	1963.0	"Kagoshima"	"Kagoshima 3"	"有馬輝武"	39.0	39.0
"石母田達"	1963.0	"Kanagawa"	"Kanagawa 1"	"石母田達"	27.0	27.0
"仮谷忠男"	1963.0	"Kochi"	"Kochi 1"	"仮谷忠男"	28.0	28.0
"藤田義光"	1963.0	"Kumamoto"	"Kumamoto 1"	"藤田義光"	42.0	42.0
"園田直"	1963.0	"Kumamoto"	"Kumamoto 2"	"園田直"	26.0	26.0
"坪野米男"	1963.0	"Kyoto"	"Kyoto 1"	"つぼの米男"	32.0	20.0
"中井徳次郎"	1963.0	"Mie"	"Mie 1"	"中井徳次郎"	37.0	37.0
"小坂善太郎"	1963.0	"Nagano"	"Nagano 1"	"小坂善太郎"	35.0	35.0
"奥野誠亮"	1963.0	"Nara"	"Nara 1"	"奥野誠亮"	45.0	45.0
"小沢辰男"	1963.0	"Niigata"	"Niigata 1"	"小沢辰男"	24.0	24.0
"村上勇"	1963.0	"Oita"	"Oita 1"	"村上勇"	19.0	19.0
"都留忠久"	1963.0	"Oita"	"Oita 2"	"都留忠久"	32.0	32.0
"大村襄治"	1963.0	"Okayama"	"Okayama 1"	"大村襄治"	35.0	35.0
"野原覚"	1963.0	"Osaka"	"Osaka 1"	"野原覚"	33.0	33.0
"和爾俊二郎"	1963.0	"Osaka"	"Osaka 1"	"ワニ俊二郎"	42.0	24.0
"原田憲"	1963.0	"Osaka"	"Osaka 3"	"原田憲"	31.0	31.0
"岡沢完治"	1963.0	"Osaka"	"Osaka 3"	"岡沢完治"	30.0	30.0
"井手以誠"	1963.0	"Saga"	"Saga 1"	"井手以誠"	26.0	26.0
"井堀繁雄"	1963.0	"Saitama"	"Saitama 1"	"井堀繁雄"	43.0	43.0
"畑和"	1963.0	"Saitama"	"Saitama 1"	"畑和"	17.0	17.0
"久保田豊"	1963.0	"Shizuoka"	"Shizuoka 2"	"久保田豊"	30.0	30.0
"長谷川保"	1963.0	"Shizuoka"	"Shizuoka 3"	"長谷川保"	27.0	27.0
"青山照明"	1963.0	"Tokushima"	"Tokushima 1"	"青山照明"	32.0	32.0
"岸本力男"	1963.0	"Tokyo"	"Tokyo 1"	"岸本力男"	22.0	22.0
"笠原二郎"	1963.0	"Tokyo"	"Tokyo 2"	"笠原二郎"	32.0	32.0
"清水巌"	1963.0	"Tokyo"	"Tokyo 3"	"清水巌"	35.0	35.0
"中村梅吉"	1963.0	"Tokyo"	"Tokyo 5"	"中村梅吉"	27.0	27.0
"塚田二七"	1963.0	"Tokyo"	"Tokyo 6"	"塚田二七"	21.0	21.0
"高弊常市"	1963.0	"Wakayama"	"Wakayama 1"	"たかへい常市"	41.0	26.0
"辻原弘一"	1963.0	"Wakayama"	"Wakayama 2"	"辻原弘一"	22.0	22.0
"木村武雄"	1963.0	"Yamagata"	"Yamagata 1"	"木村武雄"	31.0	31.0
"黒金泰美"	1963.0	"Yamagata"	"Yamagata 1"	"黒金泰美"	38.0	38.0
"田中龍夫"	1963.0	"Yamaguchi"	"Yamaguchi 1"	"田中竜夫"	29.0	23.0
"平出芳幸"	1963.0	"Yamanashi"	"Yamanashi 1"	"平出芳幸"	25.0	25.0
"江崎真澄"	1967.0	"Aichi"	"Aichi 3"	"江崎真澄"	42.0	42.0
"太田一夫"	1967.0	"Aichi"	"Aichi 4"	"太田一夫"	14.0	14.0
"塚本三郎"	1967.0	"Aichi"	"Aichi 6"	"塚本三郎"	29.0	29.0
"鈴木一"	1967.0	"Akita"	"Akita 1"	"鈴木一"	18.0	18.0
"田沢吉郎"	1967.0	"Aomori"	"Aomori 2"	"田沢吉郎"	27.0	27.0
"片岡文重"	1967.0	"Chiba"	"Chiba 3"	"片岡文重"	25.0	25.0
"中村時雄"	1967.0	"Ehime"	"Ehime 1"	"中村時雄"	33.0	33.0
"井谷正吉"	1967.0	"Ehime"	"Ehime 3"	"井谷正吉"	22.0	22.0
"野見山清造"	1967.0	"Fukuoka"	"Fukuoka 2"	"野見山清造"	42.0	42.0
"安藤俊彦"	1967.0	"Fukuoka"	"Fukuoka 4"	"安藤俊彦"	42.0	42.0
"有馬英治"	1967.0	"Fukuoka"	"Fukuoka 4"	"有馬英治"	32.0	32.0
"薮内喜一郎"	1967.0	"Fukushima"	"Fukushima 1"	"やぶうち喜一郎"	42.0	34.0
"武藤嘉文"	1967.0	"Gifu"	"Gifu 1"	"武藤嘉文"	44.0	44.0
"茜久保重光"	1967.0	"Gunma"	"Gunma 1"	"茜久保重光"	36.0	36.0
"宮澤喜一"	1967.0	"Hiroshima"	"Hiroshima 3"	"宮沢喜一"	39.0	30.0
"岡田利春"	1967.0	"Hokkaido"	"Hokkaido 5"	"岡田利春"	29.0	29.0
"五島虎雄"	1967.0	"Hyogo"	"Hyogo 1"	"五島虎雄"	34.0	34.0
"永田亮一"	1967.0	"Hyogo"	"Hyogo 2"	"永田亮一"	20.0	20.0
"足立定雄"	1967.0	"Hyogo"	"Hyogo 3"	"足立定雄"	32.0	32.0
"福家俊一"	1967.0	"Kagawa"	"Kagawa 1"	"福家俊一"	33.0	33.0
"吉田重延"	1967.0	"Kumamoto"	"Kumamoto 2"	"吉田重延"	28.0	28.0
"加賀田進"	1967.0	"Kyoto"	"Kyoto 1"	"加賀田進"	33.0	33.0
"岩下かね"	1967.0	"Mie"	"Mie 2"	"岩下かね"	18.0	18.0
"菅野一"	1967.0	"Miyagi"	"Miyagi 2"	"菅野一"	23.0	23.0
"松平忠久"	1967.0	"Nagano"	"Nagano 2"	"松平忠久"	24.0	24.0
"高橋清一郎"	1967.0	"Niigata"	"Niigata 1"	"高橋清一郎"	47.0	47.0
"高岡大輔"	1967.0	"Niigata"	"Niigata 2"	"高岡大輔"	35.0	35.0
"稲葉修"	1967.0	"Niigata"	"Niigata 2"	"稲葉修"	36.0	36.0
"村山達雄"	1967.0	"Niigata"	"Niigata 3"	"村山達雄"	34.0	34.0
"三宅正一"	1967.0	"Niigata"	"Niigata 3"	"三宅正一"	15.0	15.0
"須藤友三郎"	1967.0	"Niigata"	"Niigata 4"	"須藤友三郎"	46.0	46.0
"羽田野忠文"	1967.0	"Oita"	"Oita 1"	"羽田野忠文"	34.0	34.0
"柴田健治"	1967.0	"Okayama"	"Okayama 1"	"柴田健治"	34.0	34.0
"加藤六月"	1967.0	"Okayama"	"Okayama 2"	"加藤六月"	31.0	31.0
"江田三郎"	1967.0	"Okayama"	"Okayama 2"	"江田三郎"	23.0	23.0
"寒川喜一"	1967.0	"Osaka"	"Osaka 1"	"寒川喜一"	28.0	28.0
"浅井美幸"	1967.0	"Osaka"	"Osaka 2"	"浅井美幸"	30.0	30.0
"井岡大治"	1967.0	"Osaka"	"Osaka 2"	"井岡大治"	23.0	23.0
"井手以誠"	1967.0	"Saga"	"Saga 1"	"井手以誠"	26.0	26.0
"山本冨嘉"	1967.0	"Saitama"	"Saitama 1"	"山本とみか"	33.0	16.0
"神門至馬夫"	1967.0	"Shimane"	"Shimane 1"	"神門至馬夫"	37.0	37.0
"和田一雄"	1967.0	"Shimane"	"Shimane 1"	"和田一雄"	26.0	26.0
"丸山勇"	1967.0	"Shizuoka"	"Shizuoka 2"	"丸山勇"	15.0	15.0
"神田大作"	1967.0	"Tochigi"	"Tochigi 2"	"神田大作"	24.0	24.0
"小林梅子"	1967.0	"Tokyo"	"Tokyo 1"	"小林梅子"	24.0	24.0
"西山芳行"	1967.0	"Tokyo"	"Tokyo 10"	"西山芳行"	22.0	22.0
"赤石貞治"	1967.0	"Tokyo"	"Tokyo 6"	"赤石貞治"	29.0	29.0
"山花秀雄"	1967.0	"Tokyo"	"Tokyo 7"	"山花秀雄"	29.0	29.0
"足鹿覚"	1967.0	"Tottori"	"Tottori 1"	"足鹿覚"	30.0	30.0
"赤沢正道"	1967.0	"Tottori"	"Tottori 1"	"赤澤正道"	31.0	40.0
"伊藤茂夫"	1969.0	"Aichi"	"Aichi 2"	"伊藤茂夫"	36.0	36.0
"渡部実"	1969.0	"Aichi"	"Aichi 2"	"渡部実"	31.0	31.0
"海部俊樹"	1969.0	"Aichi"	"Aichi 3"	"海部俊樹"	45.0	45.0
"太田一夫"	1969.0	"Aichi"	"Aichi 4"	"太田一夫"	14.0	14.0
"浦野幸男"	1969.0	"Aichi"	"Aichi 4"	"浦野幸男"	36.0	36.0
"淡谷悠蔵"	1969.0	"Aomori"	"Aomori 1"	"淡谷悠蔵"	44.0	44.0
"藤原豊次郎"	1969.0	"Chiba"	"Chiba 1"	"藤原豊次郎"	56.0	56.0
"三原朝雄"	1969.0	"Fukuoka"	"Fukuoka 2"	"三原朝雄"	37.0	37.0
"田中稔男"	1969.0	"Fukuoka"	"Fukuoka 3"	"田中稔男"	29.0	29.0
"鈴木信"	1969.0	"Fukushima"	"Fukushima 1"	"鈴木信"	26.0	26.0
"八百板正"	1969.0	"Fukushima"	"Fukushima 1"	"八百板正"	21.0	21.0
"松井政吉"	1969.0	"Fukushima"	"Fukushima 3"	"松井政吉"	27.0	27.0
"松野幸泰"	1969.0	"Gifu"	"Gifu 1"	"松野幸泰"	37.0	37.0
"山本幸一"	1969.0	"Gifu"	"Gifu 1"	"山本幸一"	17.0	17.0
"灘尾弘吉"	1969.0	"Hiroshima"	"Hiroshima 1"	"灘尾弘吉"	40.0	40.0
"中山信一郎"	1969.0	"Hokkaido"	"Hokkaido 1"	"中山信一郎"	26.0	26.0
"浦井洋"	1969.0	"Hyogo"	"Hyogo 1"	"うらい洋"	23.0	16.0
"河上民雄"	1969.0	"Hyogo"	"Hyogo 1"	"河上民雄"	28.0	28.0
"戸井田三郎"	1969.0	"Hyogo"	"Hyogo 4"	"戸井田三郎"	25.0	25.0
"池田峯雄"	1969.0	"Ibaraki"	"Ibaraki 3"	"池田峯雄"	33.0	33.0
"中川又四郎"	1969.0	"Ishikawa"	"Ishikawa 2"	"中川又四郎"	23.0	23.0
"千葉七郎"	1969.0	"Iwate"	"Iwate 2"	"千葉七郎"	26.0	26.0
"床次徳二"	1969.0	"Kagoshima"	"Kagoshima 1"	"床次徳二"	29.0	29.0
"伊東佑起子"	1969.0	"Kagoshima"	"Kagoshima 4"	"伊東ユキコ"	34.0	21.0
"門司亮"	1969.0	"Kanagawa"	"Kanagawa 1"	"門司亮"	22.0	22.0
"中嶋英夫"	1969.0	"Kanagawa"	"Kanagawa 2"	"中嶋英夫"	30.0	30.0
"曽祢益"	1969.0	"Kanagawa"	"Kanagawa 2"	"曽祢益"	30.0	30.0
"松野頼三"	1969.0	"Kumamoto"	"Kumamoto 1"	"松野頼三"	38.0	38.0
"玉置一徳"	1969.0	"Kyoto"	"Kyoto 2"	"玉置一徳"	33.0	33.0
"田村元"	1969.0	"Mie"	"Mie 2"	"田村元"	16.0	16.0
"古内広雄"	1969.0	"Miyagi"	"Miyagi 1"	"古内広雄"	26.0	26.0
"川野芳満"	1969.0	"Miyazaki"	"Miyazaki 1"	"川野芳満"	33.0	33.0
"瀬戸山三男"	1969.0	"Miyazaki"	"Miyazaki 2"	"瀬戸山三男"	36.0	36.0
"滝沢主税"	1969.0	"Nagano"	"Nagano 3"	"滝沢ちから"	37.0	29.0
"村上勇"	1969.0	"Oita"	"Oita 1"	"村上勇"	19.0	19.0
"西村英一"	1969.0	"Oita"	"Oita 2"	"西村英一"	22.0	22.0
"井岡大治"	1969.0	"Osaka"	"Osaka 2"	"井岡大治"	23.0	23.0
"野中英二"	1969.0	"Saitama"	"Saitama 4"	"野中英二"	25.0	25.0
"西田八郎"	1969.0	"Shiga"	"Shiga 1"	"西田八郎"	22.0	22.0
"和田一雄"	1969.0	"Shimane"	"Shimane 1"	"和田一雄"	26.0	26.0
"木部佳昭"	1969.0	"Shizuoka"	"Shizuoka 2"	"木部佳昭"	32.0	32.0
"伊地知弘"	1969.0	"Shizuoka"	"Shizuoka 3"	"いじち弘"	25.0	11.0
"山田長司"	1969.0	"Tochigi"	"Tochigi 2"	"山田長司"	21.0	21.0
"渡部みち子"	1969.0	"Tokyo"	"Tokyo 1"	"渡部みち子"	32.0	32.0
"小林政子"	1969.0	"Tokyo"	"Tokyo 10"	"小林マサ子"	23.0	19.0
"宇都宮徳馬"	1969.0	"Tokyo"	"Tokyo 2"	"宇都宮徳馬"	51.0	51.0
"金子みつ"	1969.0	"Tokyo"	"Tokyo 4"	"金子みつ"	15.0	15.0
"金子満広"	1969.0	"Tokyo"	"Tokyo 8"	"金子満広"	28.0	28.0
"茂野崇"	1969.0	"Wakayama"	"Wakayama 1"	"しげのたかし"	30.0	13.0
"世耕政隆"	1969.0	"Wakayama"	"Wakayama 2"	"世耕政隆"	35.0	35.0
"中野四郎"	1972.0	"Aichi"	"Aichi 4"	"中野四郎"	29.0	29.0
"菅原甫"	1972.0	"Akita"	"Akita 2"	"菅原はじめ"	28.0	28.0
"米内山義一郎"	1972.0	"Aomori"	"Aomori 1"	"米内山義一郎"	36.0	36.0
"始関伊平"	1972.0	"Chiba"	"Chiba 1"	"始関伊平"	33.0	33.0
"染谷誠"	1972.0	"Chiba"	"Chiba 1"	"染谷誠"	29.0	29.0
"渡辺悌二郎"	1972.0	"Ehime"	"Ehime 1"	"渡辺ていじろう"	38.0	26.0
"高橋英吉"	1972.0	"Ehime"	"Ehime 3"	"高橋英吉"	40.0	40.0
"毛利松平"	1972.0	"Ehime"	"Ehime 3"	"毛利松平"	24.0	24.0
"内藤武宣"	1972.0	"Fukuoka"	"Fukuoka 1"	"内藤たけのぐ"	39.0	31.0
"大橋敏雄"	1972.0	"Fukuoka"	"Fukuoka 2"	"大橋敏雄"	41.0	41.0
"野田卯一"	1972.0	"Gifu"	"Gifu 1"	"野田卯一"	22.0	22.0
"笹川尭"	1972.0	"Gunma"	"Gunma 2"	"笹川たかし"	22.0	22.0
"古川雅司"	1972.0	"Hiroshima"	"Hiroshima 3"	"古川まさし"	26.0	16.0
"内海清"	1972.0	"Hiroshima"	"Hiroshima 3"	"内海清"	24.0	24.0
"島田琢郎"	1972.0	"Hokkaido"	"Hokkaido 5"	"島田たくろう"	35.0	24.0
"本名武"	1972.0	"Hokkaido"	"Hokkaido 5"	"本名武"	19.0	19.0
"堀昌雄"	1972.0	"Hyogo"	"Hyogo 2"	"堀昌雄"	31.0	31.0
"木下元二"	1972.0	"Hyogo"	"Hyogo 2"	"木下元二"	13.0	13.0
"大平正芳"	1972.0	"Kagawa"	"Kagawa 2"	"大平正芳"	20.0	20.0
"橋口隆"	1972.0	"Kagoshima"	"Kagoshima 3"	"橋口隆"	30.0	30.0
"米倉文吉"	1972.0	"Kagoshima"	"Kagoshima 4"	"米倉文吉"	26.0	26.0
"石母田達"	1972.0	"Kanagawa"	"Kanagawa 1"	"いしもだ達"	27.0	22.0
"藤田義光"	1972.0	"Kumamoto"	"Kumamoto 1"	"藤田義光"	42.0	42.0
"野田毅"	1972.0	"Kumamoto"	"Kumamoto 1"	"野田たけし"	31.0	24.0
"水田伸三"	1972.0	"Kumamoto"	"Kumamoto 2"	"水田伸三"	19.0	19.0
"前尾繁三郎"	1972.0	"Kyoto"	"Kyoto 2"	"前尾繁三郎"	44.0	44.0
"千葉堅弥"	1972.0	"Miyagi"	"Miyagi 2"	"千葉堅弥"	35.0	35.0
"児玉末男"	1972.0	"Miyazaki"	"Miyazaki 2"	"児玉末男"	24.0	24.0
"松尾信人"	1972.0	"Nagasaki"	"Nagasaki 1"	"松尾信人"	26.0	26.0
"旗野進一"	1972.0	"Niigata"	"Niigata 2"	"はたの進一"	37.0	21.0
"高鳥修"	1972.0	"Niigata"	"Niigata 4"	"高鳥修"	31.0	31.0
"堀仁"	1972.0	"Oita"	"Oita 1"	"堀ひとし"	15.0	16.0
"笠岡喬"	1972.0	"Okayama"	"Okayama 1"	"笠岡たかし"	31.0	27.0
"沖本泰幸"	1972.0	"Osaka"	"Osaka 1"	"沖本泰幸"	30.0	30.0
"浅井美幸"	1972.0	"Osaka"	"Osaka 2"	"浅井美幸"	30.0	30.0
"安部友康"	1972.0	"Osaka"	"Osaka 3"	"安部友康"	32.0	32.0
"正木良明"	1972.0	"Osaka"	"Osaka 5"	"正木良明"	24.0	24.0
"荒船清十郎"	1972.0	"Saitama"	"Saitama 3"	"荒船清十郎"	42.0	42.0
"宇野宗佑"	1972.0	"Shiga"	"Shiga 1"	"宇野宗佑"	32.0	32.0
"西田八郎"	1972.0	"Shiga"	"Shiga 1"	"西田八郎"	22.0	22.0
"山本満"	1972.0	"Tokushima"	"Tokushima 1"	"山本満"	20.0	20.0
"安田竜"	1972.0	"Tokyo"	"Tokyo 10"	"安田竜"	21.0	21.0
"渋沢利久"	1972.0	"Tokyo"	"Tokyo 10"	"渋沢利久"	28.0	28.0
"和田春生"	1972.0	"Tokyo"	"Tokyo 7"	"和田春生"	27.0	27.0
"野間友一"	1972.0	"Wakayama"	"Wakayama 1"	"野間友一"	28.0	28.0
"早川崇"	1972.0	"Wakayama"	"Wakayama 2"	"早川崇"	20.0	20.0
"島津昭"	1972.0	"Yamagata"	"Yamagata 1"	"島津昭"	28.0	28.0
"相蘇完一"	1972.0	"Yamagata"	"Yamagata 2"	"あいそ完一"	36.0	16.0
"永井純隆"	1972.0	"Yamaguchi"	"Yamaguchi 1"	"永井純隆"	30.0	30.0
"佐藤栄作"	1972.0	"Yamaguchi"	"Yamaguchi 2"	"佐藤栄作"	41.0	41.0
"青山丘"	1976.0	"Aichi"	"Aichi 2"	"青山たかし"	16.0	19.0
"三浦敬三"	1976.0	"Aichi"	"Aichi 5"	"三浦敬三"	28.0	28.0
"村上睦郎"	1976.0	"Chiba"	"Chiba 1"	"村上睦郎"	32.0	32.0
"浜田幸一"	1976.0	"Chiba"	"Chiba 3"	"浜田幸一"	24.0	24.0
"水田三喜男"	1976.0	"Chiba"	"Chiba 3"	"水田三喜男"	31.0	31.0
"湯山勇"	1976.0	"Ehime"	"Ehime 1"	"湯山勇"	24.0	24.0
"関谷勝嗣"	1976.0	"Ehime"	"Ehime 1"	"関谷かつつぐ"	46.0	27.0
"田中恒利"	1976.0	"Ehime"	"Ehime 3"	"田中恒利"	25.0	25.0
"林泰二郎"	1976.0	"Gunma"	"Gunma 2"	"林泰二郎"	29.0	29.0
"増岡博之"	1976.0	"Hiroshima"	"Hiroshima 2"	"増岡博之"	37.0	37.0
"宮澤喜一"	1976.0	"Hiroshima"	"Hiroshima 3"	"宮沢喜一"	39.0	30.0
"内海清"	1976.0	"Hiroshima"	"Hiroshima 3"	"内海清"	24.0	24.0
"小森龍邦"	1976.0	"Hiroshima"	"Hiroshima 3"	"小森龍邦"	38.0	38.0
"上草義輝"	1976.0	"Hokkaido"	"Hokkaido 2"	"上草義輝"	40.0	40.0
"沢田征矢"	1976.0	"Hokkaido"	"Hokkaido 5"	"さわだ征矢"	25.0	23.0
"本名武"	1976.0	"Hokkaido"	"Hokkaido 5"	"本名武"	19.0	19.0
"河上民雄"	1976.0	"Hyogo"	"Hyogo 1"	"河上民雄"	28.0	28.0
"安島友義"	1976.0	"Ibaraki"	"Ibaraki 2"	"あじま友義"	33.0	25.0
"竹内猛"	1976.0	"Ibaraki"	"Ibaraki 3"	"竹内猛"	21.0	21.0
"中村直"	1976.0	"Iwate"	"Iwate 1"	"中村直"	19.0	19.0
"成田知己"	1976.0	"Kagawa"	"Kagawa 1"	"成田知己"	22.0	22.0
"中間浩一郎"	1976.0	"Kagoshima"	"Kagoshima 1"	"中間浩一郎"	36.0	36.0
"山田正幸"	1976.0	"Kagoshima"	"Kagoshima 2"	"山田正幸"	21.0	21.0
"橋口隆"	1976.0	"Kagoshima"	"Kagoshima 3"	"橋口隆"	30.0	30.0
"甘利正"	1976.0	"Kanagawa"	"Kanagawa 3"	"甘利正"	17.0	17.0
"井上泉"	1976.0	"Kochi"	"Kochi 1"	"井上泉"	16.0	16.0
"中島絹子"	1976.0	"Kumamoto"	"Kumamoto 1"	"中島絹子"	30.0	30.0
"福島譲二"	1976.0	"Kumamoto"	"Kumamoto 2"	"福島じようじ"	45.0	30.0
"藤原ひろ子"	1976.0	"Kyoto"	"Kyoto 1"	"藤原ひろ子"	35.0	35.0
"尾崎末広"	1976.0	"Kyoto"	"Kyoto 1"	"おざき末広"	28.0	21.0
"西中清"	1976.0	"Kyoto"	"Kyoto 2"	"西中清"	21.0	21.0
"田村元"	1976.0	"Mie"	"Mie 2"	"田村元"	16.0	16.0
"角屋堅次郎"	1976.0	"Mie"	"Mie 2"	"角屋堅次郎"	43.0	43.0
"唐沢俊二郎"	1976.0	"Nagano"	"Nagano 4"	"唐沢俊二郎"	37.0	37.0
"小宮武喜"	1976.0	"Nagasaki"	"Nagasaki 1"	"小宮たけき"	33.0	24.0
"山本悌二郎"	1976.0	"Niigata"	"Niigata 1"	"山本悌二郎"	29.0	29.0
"古川久"	1976.0	"Niigata"	"Niigata 3"	"古川久"	11.0	11.0
"井上一成"	1976.0	"Osaka"	"Osaka 3"	"井上一成"	14.0	14.0
"塩川正十郎"	1976.0	"Osaka"	"Osaka 4"	"塩川正十郎"	32.0	32.0
"北側義一"	1976.0	"Osaka"	"Osaka 6"	"北側義一"	30.0	30.0
"小川新一郎"	1976.0	"Saitama"	"Saitama 1"	"小川新一郎"	29.0	29.0
"吉川春子"	1976.0	"Saitama"	"Saitama 4"	"吉川春子"	21.0	21.0
"西田八郎"	1976.0	"Shiga"	"Shiga 1"	"西田八郎"	22.0	22.0
"斉藤正男"	1976.0	"Shizuoka"	"Shizuoka 3"	"斉藤正男"	38.0	38.0
"竹入義勝"	1976.0	"Tokyo"	"Tokyo 10"	"竹入義勝"	33.0	33.0
"小林政子"	1976.0	"Tokyo"	"Tokyo 10"	"小林マサ子"	23.0	19.0
"津金佑近"	1976.0	"Tokyo"	"Tokyo 3"	"津金すけちか"	31.0	29.0
"鹿野道彦"	1976.0	"Yamagata"	"Yamagata 1"	"かの道彦"	43.0	25.0
"黒金泰美"	1976.0	"Yamagata"	"Yamagata 1"	"黒金泰美"	38.0	38.0
"重宗昌幸"	1976.0	"Yamaguchi"	"Yamaguchi 2"	"重宗昌幸"	33.0	33.0
"横山利秋"	1979.0	"Aichi"	"Aichi 1"	"横山利秋"	34.0	34.0
"浦野烋興"	1979.0	"Aichi"	"Aichi 4"	"浦野やすおき"	47.0	35.0
"津川武一"	1979.0	"Aomori"	"Aomori 2"	"津川武一"	21.0	21.0
"辻田実"	1979.0	"Chiba"	"Chiba 3"	"辻田実"	19.0	19.0
"吉浦忠治"	1979.0	"Chiba"	"Chiba 3"	"よしうら忠治"	32.0	25.0
"田中恒利"	1979.0	"Ehime"	"Ehime 3"	"田中恒利"	25.0	25.0
"辻英雄"	1979.0	"Fukuoka"	"Fukuoka 1"	"辻英雄"	26.0	26.0
"田中六助"	1979.0	"Fukuoka"	"Fukuoka 4"	"田中六助"	20.0	20.0
"楯兼次郎"	1979.0	"Gifu"	"Gifu 2"	"楯兼次郎"	38.0	38.0
"熊川次男"	1979.0	"Gunma"	"Gunma 1"	"熊川次男"	30.0	30.0
"小野信一"	1979.0	"Iwate"	"Iwate 1"	"おの信一"	24.0	15.0
"岩垂寿喜男"	1979.0	"Kanagawa"	"Kanagawa 2"	"いわたれすきお"	42.0	23.0
"草野威"	1979.0	"Kanagawa"	"Kanagawa 4"	"草野たけし"	29.0	28.0
"平林剛"	1979.0	"Kanagawa"	"Kanagawa 5"	"平林剛"	23.0	23.0
"中川周三"	1979.0	"Kumamoto"	"Kumamoto 1"	"中川周三"	18.0	18.0
"江口和伸"	1979.0	"Kumamoto"	"Kumamoto 2"	"江口和伸"	24.0	24.0
"山手拓郎"	1979.0	"Mie"	"Mie 1"	"山手たくろう"	24.0	16.0
"田口一男"	1979.0	"Mie"	"Mie 1"	"田口一男"	16.0	16.0
"手塚洋"	1979.0	"Miyagi"	"Miyagi 1"	"手塚洋"	25.0	25.0
"酒井強"	1979.0	"Nagano"	"Nagano 1"	"酒井つよし"	25.0	19.0
"小林節夫"	1979.0	"Nagano"	"Nagano 2"	"小林節夫"	28.0	28.0
"柿木卓美"	1979.0	"Nagano"	"Nagano 3"	"柿木卓美"	30.0	30.0
"林百郎"	1979.0	"Nagano"	"Nagano 3"	"林百郎"	23.0	23.0
"岩永敬邦"	1979.0	"Nagasaki"	"Nagasaki 1"	"岩永よしくに"	32.0	21.0
"山田正彦"	1979.0	"Nagasaki"	"Nagasaki 1"	"山田正彦"	22.0	22.0
"中村弘海"	1979.0	"Nagasaki"	"Nagasaki 2"	"中村弘海"	25.0	25.0
"高鳥修"	1979.0	"Niigata"	"Niigata 4"	"高鳥修"	31.0	31.0
"織田亨"	1979.0	"Okayama"	"Okayama 2"	"織田とおる"	30.0	32.0
"江田光子"	1979.0	"Okayama"	"Okayama 2"	"江田光子"	20.0	20.0
"外間清隆"	1979.0	"Okinawa"	"Okinawa 1"	"ホカマ清隆"	39.0	30.0
"沓抜猛"	1979.0	"Osaka"	"Osaka 5"	"くつぬぎたけし"	26.0	17.0
"西村章三"	1979.0	"Osaka"	"Osaka 5"	"西村章三"	27.0	27.0
"栗原福雄"	1979.0	"Saitama"	"Saitama 3"	"栗原福雄"	45.0	45.0
"森川健"	1979.0	"Shizuoka"	"Shizuoka 3"	"森川健"	26.0	26.0
"稲村利幸"	1979.0	"Tochigi"	"Tochigi 2"	"稲村利幸"	36.0	36.0
"和田一郎"	1979.0	"Tochigi"	"Tochigi 2"	"和田一郎"	23.0	23.0
"三木武夫"	1979.0	"Tokushima"	"Tokushima 1"	"三木武夫"	19.0	19.0
"杉川昇"	1979.0	"Tokushima"	"Tokushima 1"	"杉川昇"	18.0	18.0
"鈴切康雄"	1979.0	"Tokyo"	"Tokyo 2"	"鈴切やすお"	40.0	27.0
"大柴滋夫"	1979.0	"Tokyo"	"Tokyo 2"	"大柴しげ夫"	29.0	21.0
"和田耕作"	1979.0	"Tokyo"	"Tokyo 4"	"和田耕作"	30.0	30.0
"山田忠義"	1979.0	"Tokyo"	"Tokyo 5"	"やまだちゆうぎ"	29.0	23.0
"中村靖"	1979.0	"Tokyo"	"Tokyo 5"	"中村やすし"	24.0	18.0
"牧山昭郎"	1979.0	"Tokyo"	"Tokyo 7"	"牧山あきお"	29.0	22.0
"長谷川正三"	1979.0	"Tokyo"	"Tokyo 7"	"長谷川正三"	26.0	26.0
"佐藤祐次"	1979.0	"Tokyo"	"Tokyo 8"	"佐藤ゆう次"	40.0	36.0
"松本忠助"	1979.0	"Tokyo"	"Tokyo 9"	"松本忠助"	28.0	28.0
"住栄作"	1979.0	"Toyama"	"Toyama 1"	"住栄作"	23.0	23.0
"枝村要作"	1979.0	"Yamaguchi"	"Yamaguchi 1"	"枝村要作"	31.0	31.0
"部谷孝之"	1979.0	"Yamaguchi"	"Yamaguchi 2"	"へや孝之"	28.0	14.0
"根本龍太郎"	1980.0	"Akita"	"Akita 2"	"根本竜太郎"	44.0	38.0
"竹中修一"	1980.0	"Aomori"	"Aomori 1"	"竹中修一"	21.0	21.0
"下村保知"	1980.0	"Chiba"	"Chiba 1"	"下村やすとも"	27.0	21.0
"山村新治郎"	1980.0	"Chiba"	"Chiba 2"	"山村新治郎"	40.0	40.0
"山崎尚明"	1980.0	"Ehime"	"Ehime 1"	"山崎たかあき"	30.0	28.0
"塩崎潤"	1980.0	"Ehime"	"Ehime 1"	"塩崎じゆん"	39.0	30.0
"楢崎弥之助"	1980.0	"Fukuoka"	"Fukuoka 1"	"なら崎弥之助"	42.0	37.0
"山崎拓"	1980.0	"Fukuoka"	"Fukuoka 1"	"山崎拓"	22.0	22.0
"蓑輪幸代"	1980.0	"Gifu"	"Gifu 1"	"みのわ幸代"	41.0	20.0
"古屋亨"	1980.0	"Gifu"	"Gifu 2"	"古屋亨"	21.0	21.0
"長谷川四郎"	1980.0	"Gunma"	"Gunma 2"	"長谷川四郎"	32.0	32.0
"福岡義登"	1980.0	"Hiroshima"	"Hiroshima 3"	"福岡義登"	46.0	46.0
"滑川清文"	1980.0	"Hokkaido"	"Hokkaido 1"	"なめり川清文"	31.0	27.0
"岡田春夫"	1980.0	"Hokkaido"	"Hokkaido 4"	"岡田春夫"	26.0	26.0
"中川一郎"	1980.0	"Hokkaido"	"Hokkaido 5"	"中川一郎"	17.0	17.0
"浦井洋"	1980.0	"Hyogo"	"Hyogo 1"	"うすい洋"	23.0	16.0
"木下元二"	1980.0	"Hyogo"	"Hyogo 2"	"木下元二"	13.0	13.0
"河本敏夫"	1980.0	"Hyogo"	"Hyogo 4"	"河本敏夫"	27.0	27.0
"登坂重次郎"	1980.0	"Ibaraki"	"Ibaraki 3"	"登坂重次郎"	43.0	43.0
"嶋崎譲"	1980.0	"Ishikawa"	"Ishikawa 1"	"島崎ゆずる"	45.0	30.0
"森昭"	1980.0	"Ishikawa"	"Ishikawa 1"	"森昭"	21.0	21.0
"山本信晃"	1980.0	"Ishikawa"	"Ishikawa 2"	"山本信晃"	27.0	27.0
"林諄"	1980.0	"Ishikawa"	"Ishikawa 2"	"林じゆん"	23.0	14.0
"有馬元治"	1980.0	"Kagoshima"	"Kagoshima 2"	"有馬元治"	28.0	28.0
"山田吉三郎"	1980.0	"Kanagawa"	"Kanagawa 2"	"山田吉三郎"	26.0	26.0
"高橋高望"	1980.0	"Kanagawa"	"Kanagawa 4"	"高橋たかもち"	47.0	39.0
"平石磨作太郎"	1980.0	"Kochi"	"Kochi 1"	"平石まさたろう"	46.0	25.0
"松野頼三"	1980.0	"Kumamoto"	"Kumamoto 1"	"松野頼三"	38.0	38.0
"江口和伸"	1980.0	"Kumamoto"	"Kumamoto 2"	"江口和伸"	24.0	24.0
"角屋堅次郎"	1980.0	"Mie"	"Mie 2"	"角屋堅次郎"	43.0	43.0
"田村元"	1980.0	"Mie"	"Mie 2"	"田村元"	16.0	16.0
"戸田菊雄"	1980.0	"Miyagi"	"Miyagi 1"	"戸田菊雄"	32.0	32.0
"倉石忠雄"	1980.0	"Nagano"	"Nagano 1"	"倉石忠雄"	35.0	35.0
"林百郎"	1980.0	"Nagano"	"Nagano 3"	"林百郎"	23.0	23.0
"小沢貞孝"	1980.0	"Nagano"	"Nagano 4"	"小沢貞孝"	26.0	26.0
"小淵正義"	1980.0	"Nagasaki"	"Nagasaki 1"	"こぶち正義"	33.0	27.0
"白浜仁吉"	1980.0	"Nagasaki"	"Nagasaki 2"	"白浜仁吉"	25.0	25.0
"国竹七郎"	1980.0	"Nagasaki"	"Nagasaki 2"	"国竹七郎"	25.0	25.0
"浜田卓二郎"	1980.0	"Saitama"	"Saitama 1"	"浜田卓二郎"	34.0	34.0
"上田清司"	1980.0	"Saitama"	"Saitama 5"	"上田きよし"	24.0	16.0
"杉川昇"	1980.0	"Tokushima"	"Tokushima 1"	"杉川昇"	18.0	18.0
"今井晶三"	1980.0	"Tokyo"	"Tokyo 1"	"今井晶三"	23.0	23.0
"平山知子"	1980.0	"Tokyo"	"Tokyo 1"	"平山知子"	19.0	19.0
"矢田茂"	1980.0	"Tokyo"	"Tokyo 1"	"矢田茂"	18.0	18.0
"和田春生"	1980.0	"Tokyo"	"Tokyo 3"	"和田春生"	27.0	27.0
"池田克也"	1980.0	"Tokyo"	"Tokyo 3"	"池田克也"	21.0	21.0
"中村靖"	1980.0	"Tokyo"	"Tokyo 5"	"中村やすし"	24.0	18.0
"片岡清一"	1980.0	"Toyama"	"Toyama 2"	"片岡清一"	24.0	24.0
"須藤美也子"	1980.0	"Yamagata"	"Yamagata 2"	"須藤みや子"	45.0	39.0
"佐藤信二"	1980.0	"Yamaguchi"	"Yamaguchi 2"	"佐藤信二"	36.0	36.0
"田中美智子"	1983.0	"Aichi"	"Aichi 1"	"田中美智子"	33.0	33.0
"横山利秋"	1983.0	"Aichi"	"Aichi 1"	"横山利秋"	34.0	34.0
"石田幸四郎"	1983.0	"Aichi"	"Aichi 6"	"石田幸四郎"	32.0	32.0
"細谷昭雄"	1983.0	"Akita"	"Akita 2"	"ほそや昭雄"	39.0	32.0
"長沼宗二"	1983.0	"Akita"	"Akita 2"	"長沼宗二"	26.0	26.0
"根本龍太郎"	1983.0	"Akita"	"Akita 2"	"根本竜太郎"	44.0	38.0
"村岡兼造"	1983.0	"Akita"	"Akita 2"	"村岡兼造"	35.0	35.0
"川上紀一"	1983.0	"Chiba"	"Chiba 3"	"川上きいち"	16.0	15.0
"麻生太郎"	1983.0	"Fukuoka"	"Fukuoka 2"	"麻生太郎"	29.0	29.0
"楢橋進"	1983.0	"Fukuoka"	"Fukuoka 3"	"なら橋進"	40.0	35.0
"蓑輪幸代"	1983.0	"Gifu"	"Gifu 1"	"みのわ幸代"	41.0	20.0
"田辺誠"	1983.0	"Gunma"	"Gunma 1"	"田辺誠"	23.0	23.0
"久保田円次"	1983.0	"Gunma"	"Gunma 1"	"久保田円次"	27.0	27.0
"菅野義章"	1983.0	"Gunma"	"Gunma 1"	"菅野義章"	46.0	46.0
"山口鶴男"	1983.0	"Gunma"	"Gunma 3"	"山口鶴男"	34.0	34.0
"町村信孝"	1983.0	"Hokkaido"	"Hokkaido 1"	"町村信孝"	30.0	30.0
"佐藤静雄"	1983.0	"Hokkaido"	"Hokkaido 1"	"さとう静雄"	51.0	33.0
"五十嵐広三"	1983.0	"Hokkaido"	"Hokkaido 2"	"五十嵐広三"	26.0	26.0
"安井吉典"	1983.0	"Hokkaido"	"Hokkaido 2"	"安井吉典"	24.0	24.0
"前田清"	1983.0	"Hyogo"	"Hyogo 3"	"前田清"	25.0	25.0
"松本十郎"	1983.0	"Hyogo"	"Hyogo 4"	"松本十郎"	24.0	24.0
"森昭"	1983.0	"Ishikawa"	"Ishikawa 1"	"森昭"	21.0	21.0
"嶋崎譲"	1983.0	"Ishikawa"	"Ishikawa 1"	"嶋崎ゆずる"	45.0	34.0
"小野信一"	1983.0	"Iwate"	"Iwate 1"	"おの信一"	24.0	15.0
"伊藤司男"	1983.0	"Iwate"	"Iwate 2"	"伊藤つかお"	36.0	32.0
"小里貞利"	1983.0	"Kagoshima"	"Kagoshima 2"	"小里貞利"	26.0	26.0
"命苫孝英"	1983.0	"Kagoshima"	"Kagoshima 3"	"めいとま孝英"	31.0	25.0
"冨塚三夫"	1983.0	"Kanagawa"	"Kanagawa 5"	"とみつか三夫"	30.0	16.0
"馬場昇"	1983.0	"Kumamoto"	"Kumamoto 2"	"馬場のぼる"	30.0	31.0
"永末英一"	1983.0	"Kyoto"	"Kyoto 1"	"永末英一"	19.0	19.0
"西中清"	1983.0	"Kyoto"	"Kyoto 2"	"西中清"	21.0	21.0
"伊藤忠治"	1983.0	"Mie"	"Mie 1"	"いとう忠治"	40.0	22.0
"米沢隆"	1983.0	"Miyazaki"	"Miyazaki 1"	"米沢隆"	24.0	24.0
"上杉光弘"	1983.0	"Miyazaki"	"Miyazaki 1"	"上杉光弘"	21.0	21.0
"稲葉修"	1983.0	"Niigata"	"Niigata 2"	"稲葉修"	36.0	36.0
"木下敬之助"	1983.0	"Oita"	"Oita 1"	"木下敬之助"	29.0	29.0
"平野文活"	1983.0	"Oita"	"Oita 2"	"平野ふみかつ"	29.0	27.0
"平沼赳夫"	1983.0	"Okayama"	"Okayama 1"	"平沼赳夫"	27.0	27.0
"田中政利"	1983.0	"Okayama"	"Okayama 2"	"田中まさとし"	25.0	19.0
"加藤卓二"	1983.0	"Saitama"	"Saitama 3"	"加藤卓二"	33.0	33.0
"西田八郎"	1983.0	"Shiga"	"Shiga 1"	"西田八郎"	22.0	22.0
"水谷弘"	1983.0	"Tochigi"	"Tochigi 2"	"水谷弘"	16.0	16.0
"古賀裕也"	1983.0	"Tokyo"	"Tokyo 3"	"古賀ひろや"	32.0	24.0
"小沢潔"	1983.0	"Tokyo"	"Tokyo 7"	"小沢きよし"	25.0	18.0
"安田修三"	1983.0	"Toyama"	"Toyama 1"	"安田修三"	24.0	24.0
"萩山教厳"	1983.0	"Toyama"	"Toyama 2"	"はぎ山教厳"	43.0	39.0
"須藤美也子"	1983.0	"Yamagata"	"Yamagata 2"	"須藤みや子"	45.0	39.0
"阿部昭吾"	1983.0	"Yamagata"	"Yamagata 2"	"阿部昭吾"	35.0	35.0
"安広欣記"	1983.0	"Yamaguchi"	"Yamaguchi 1"	"安広よしのり"	29.0	18.0
"田中克彦1"	1983.0	"Yamanashi"	"Yamanashi 1"	"田中克彦1"	25.0	25.0
"草川昭三"	1986.0	"Aichi"	"Aichi 2"	"草川昭三"	24.0	24.0
"祖父江儀男"	1986.0	"Aichi"	"Aichi 3"	"ソブエ儀男"	41.0	28.0
"浦野烋興"	1986.0	"Aichi"	"Aichi 4"	"浦野やすおき"	47.0	35.0
"脇本和夫"	1986.0	"Chiba"	"Chiba 1"	"わきもと和夫"	27.0	24.0
"鳥居一雄"	1986.0	"Chiba"	"Chiba 1"	"鳥居一雄"	32.0	32.0
"森田景一"	1986.0	"Chiba"	"Chiba 4"	"もりた景一"	30.0	22.0
"関谷勝嗣"	1986.0	"Ehime"	"Ehime 1"	"関谷かつつぐ"	46.0	27.0
"塩崎潤"	1986.0	"Ehime"	"Ehime 1"	"塩崎じゆん"	39.0	30.0
"大河内一郎"	1986.0	"Ehime"	"Ehime 2"	"大河内一郎"	25.0	25.0
"麻生太郎"	1986.0	"Fukuoka"	"Fukuoka 2"	"麻生太郎"	29.0	29.0
"中西績介"	1986.0	"Fukuoka"	"Fukuoka 4"	"中西せき介"	31.0	21.0
"斎藤邦吉"	1986.0	"Fukushima"	"Fukushima 3"	"斎藤邦吉"	42.0	42.0
"伏屋修治"	1986.0	"Gifu"	"Gifu 1"	"ふせや修治"	33.0	28.0
"谷川和穂"	1986.0	"Hiroshima"	"Hiroshima 2"	"谷川和穂"	33.0	33.0
"小森龍邦"	1986.0	"Hiroshima"	"Hiroshima 3"	"小森龍邦"	38.0	38.0
"町村信孝"	1986.0	"Hokkaido"	"Hokkaido 1"	"町村信孝"	30.0	30.0
"佐藤静雄"	1986.0	"Hokkaido"	"Hokkaido 1"	"さとう静雄"	51.0	33.0
"高橋辰夫"	1986.0	"Hokkaido"	"Hokkaido 4"	"高橋辰夫"	37.0	37.0
"岡田利春"	1986.0	"Hokkaido"	"Hokkaido 5"	"岡田利春"	29.0	29.0
"藤木洋子"	1986.0	"Hyogo"	"Hyogo 2"	"藤木洋子"	34.0	34.0
"森茂"	1986.0	"Ibaraki"	"Ibaraki 3"	"森しげる"	20.0	19.0
"小川仁一"	1986.0	"Iwate"	"Iwate 1"	"小川仁一"	11.0	11.0
"志賀節"	1986.0	"Iwate"	"Iwate 2"	"志賀節"	32.0	32.0
"真鍋光広"	1986.0	"Kagawa"	"Kagawa 1"	"まなべ光広"	38.0	21.0
"松原昭夫"	1986.0	"Kagawa"	"Kagawa 1"	"松原昭夫"	31.0	31.0
"小里貞利"	1986.0	"Kagoshima"	"Kagoshima 2"	"小里貞利"	26.0	26.0
"鈴木恒夫"	1986.0	"Kanagawa"	"Kanagawa 1"	"鈴木恒夫"	30.0	30.0
"新堀豊彦"	1986.0	"Kanagawa"	"Kanagawa 4"	"しんぼり豊彦"	46.0	32.0
"藤波孝生"	1986.0	"Mie"	"Mie 2"	"藤波孝生"	38.0	38.0
"伊藤宗一郎"	1986.0	"Miyagi"	"Miyagi 1"	"伊藤宗一郎"	42.0	42.0
"井出正一"	1986.0	"Nagano"	"Nagano 2"	"井出正一"	15.0	15.0
"村井仁"	1986.0	"Nagano"	"Nagano 4"	"村井仁"	15.0	15.0
"松田九郎"	1986.0	"Nagasaki"	"Nagasaki 2"	"松田九郎"	24.0	24.0
"清家宏"	1986.0	"Nagasaki"	"Nagasaki 2"	"せいけ宏"	28.0	15.0
"石橋政嗣"	1986.0	"Nagasaki"	"Nagasaki 2"	"石橋政嗣"	43.0	43.0
"前田正"	1986.0	"Osaka"	"Osaka 2"	"前田ただし"	19.0	23.0
"浅井美幸"	1986.0	"Osaka"	"Osaka 2"	"浅井美幸"	30.0	30.0
"木野雅夫"	1986.0	"Osaka"	"Osaka 5"	"木野まさお"	32.0	26.0
"石井郁子"	1986.0	"Osaka"	"Osaka 6"	"石井いく子"	21.0	15.0
"北川石松"	1986.0	"Osaka"	"Osaka 7"	"北川石松"	21.0	21.0
"渡辺貢"	1986.0	"Saitama"	"Saitama 1"	"渡辺貢"	27.0	27.0
"石井健祐"	1986.0	"Saitama"	"Saitama 2"	"石井けんすけ"	29.0	20.0
"武村正義"	1986.0	"Shiga"	"Shiga 1"	"武村正義"	33.0	33.0
"川島信也"	1986.0	"Shiga"	"Shiga 1"	"川島信也"	25.0	25.0
"吉原米治"	1986.0	"Shimane"	"Shimane 1"	"吉原米治"	30.0	30.0
"細田吉蔵"	1986.0	"Shimane"	"Shimane 1"	"細田吉蔵"	37.0	37.0
"滝友二"	1986.0	"Tochigi"	"Tochigi 1"	"滝友二"	19.0	19.0
"南俊夫"	1986.0	"Tokyo"	"Tokyo 1"	"南俊夫"	22.0	22.0
"伊藤公介"	1986.0	"Tokyo"	"Tokyo 11"	"伊藤公介"	32.0	32.0
"大田みどり"	1986.0	"Tokyo"	"Tokyo 3"	"大田みどり"	15.0	15.0
"杉浦正健"	1990.0	"Aichi"	"Aichi 4"	"杉浦正健"	33.0	33.0
"岡戸光雄"	1990.0	"Chiba"	"Chiba 4"	"岡戸光雄"	30.0	30.0
"吉村剛太郎"	1990.0	"Fukuoka"	"Fukuoka 1"	"吉村剛太郎"	36.0	36.0
"権藤恒夫"	1990.0	"Fukuoka"	"Fukuoka 3"	"ごんどう恒夫"	46.0	21.0
"佐藤徳雄"	1990.0	"Fukushima"	"Fukushima 1"	"佐藤とくお"	51.0	32.0
"坂本剛二"	1990.0	"Fukushima"	"Fukushima 3"	"坂本剛二"	24.0	24.0
"河瀬和雄"	1990.0	"Gifu"	"Gifu 1"	"河瀬和雄"	47.0	47.0
"古屋圭司"	1990.0	"Gifu"	"Gifu 2"	"古屋けいじ"	25.0	20.0
"谷津義男"	1990.0	"Gunma"	"Gunma 2"	"谷津よしお"	36.0	24.0
"中島源太郎"	1990.0	"Gunma"	"Gunma 2"	"中島源太郎"	40.0	40.0
"岸田文武"	1990.0	"Hiroshima"	"Hiroshima 1"	"岸田文武"	25.0	25.0
"佐藤孝行"	1990.0	"Hokkaido"	"Hokkaido 3"	"佐藤孝行"	38.0	38.0
"砂田重民"	1990.0	"Hyogo"	"Hyogo 1"	"砂田重民"	28.0	28.0
"森田一"	1990.0	"Kagawa"	"Kagawa 2"	"森田一"	18.0	18.0
"山中貞則"	1990.0	"Kagoshima"	"Kagoshima 3"	"山中貞則"	25.0	25.0
"岩垂寿喜男"	1990.0	"Kanagawa"	"Kanagawa 2"	"いわたれすきお"	42.0	23.0
"草野威"	1990.0	"Kanagawa"	"Kanagawa 4"	"草野たけし"	29.0	28.0
"池田元久"	1990.0	"Kanagawa"	"Kanagawa 4"	"池田元久"	18.0	18.0
"青木勝治"	1990.0	"Kanagawa"	"Kanagawa 4"	"あおき勝治"	32.0	31.0
"栗生茂也"	1990.0	"Kochi"	"Kochi 1"	"くりう茂也"	26.0	16.0
"西中清"	1990.0	"Kyoto"	"Kyoto 2"	"西中清"	21.0	21.0
"坂口力"	1990.0	"Mie"	"Mie 1"	"坂口力"	12.0	12.0
"長谷川峻"	1990.0	"Miyagi"	"Miyagi 2"	"長谷川峻"	28.0	28.0
"井出正一"	1990.0	"Nagano"	"Nagano 2"	"井出正一"	15.0	15.0
"倉成正"	1990.0	"Nagasaki"	"Nagasaki 1"	"倉成正"	21.0	21.0
"小沢辰男"	1990.0	"Niigata"	"Niigata 1"	"小沢辰男"	24.0	24.0
"渡辺秀央"	1990.0	"Niigata"	"Niigata 3"	"渡辺秀央"	29.0	29.0
"武田英夫"	1990.0	"Okayama"	"Okayama 1"	"武田英夫"	25.0	25.0
"東武"	1990.0	"Osaka"	"Osaka 1"	"東たけし"	16.0	16.0
"東中光雄"	1990.0	"Osaka"	"Osaka 2"	"東中光雄"	30.0	30.0
"塩川正十郎"	1990.0	"Osaka"	"Osaka 4"	"塩川正十郎"	32.0	32.0
"木野雅夫"	1990.0	"Osaka"	"Osaka 5"	"木野まさお"	32.0	26.0
"愛野興一郎"	1990.0	"Saga"	"Saga 1"	"あいの興一郎"	50.0	32.0
"富田隆"	1990.0	"Saitama"	"Saitama 1"	"富田隆"	28.0	28.0
"高村雅子"	1990.0	"Saitama"	"Saitama 5"	"高村まさ子"	33.0	27.0
"吉原米治"	1990.0	"Shimane"	"Shimane 1"	"吉原米治"	30.0	30.0
"前島秀行"	1990.0	"Shizuoka"	"Shizuoka 2"	"前島ひでゆき"	32.0	30.0
"杉山憲夫"	1990.0	"Shizuoka"	"Shizuoka 2"	"杉山のりお"	30.0	17.0
"平賀高成"	1990.0	"Shizuoka"	"Shizuoka 3"	"ひらが高成"	33.0	24.0
"新実智光"	1990.0	"Tokyo"	"Tokyo 10"	"新実智光"	39.0	39.0
"植松義隆"	1990.0	"Tokyo"	"Tokyo 10"	"植松義隆"	44.0	44.0
"岐部哲也"	1990.0	"Tokyo"	"Tokyo 10"	"岐部哲也"	31.0	31.0
"伊藤公介"	1990.0	"Tokyo"	"Tokyo 11"	"伊藤公介"	32.0	32.0
"島本義夫"	1990.0	"Tokyo"	"Tokyo 2"	"島本義夫"	32.0	32.0
"松葉裕子"	1990.0	"Tokyo"	"Tokyo 2"	"松葉裕子"	35.0	35.0
"小杉隆"	1990.0	"Tokyo"	"Tokyo 3"	"小杉隆"	21.0	21.0
"天野公義"	1990.0	"Tokyo"	"Tokyo 6"	"あまの公義"	32.0	25.0
"浜野剛"	1990.0	"Tokyo"	"Tokyo 9"	"浜野たけし"	31.0	29.0
"中村巌"	1990.0	"Tokyo"	"Tokyo 9"	"中村いわお"	31.0	20.0
"加藤紘一"	1990.0	"Yamagata"	"Yamagata 2"	"加藤紘一"	34.0	34.0
"尾崎昭広"	1993.0	"Aichi"	"Aichi 1"	"尾崎昭広"	32.0	32.0
"草川昭三"	1993.0	"Aichi"	"Aichi 2"	"草川昭三"	24.0	24.0
"浦野烋興"	1993.0	"Aichi"	"Aichi 4"	"浦野やすおき"	47.0	35.0
"吉富一雄"	1993.0	"Aichi"	"Aichi 5"	"吉富一雄"	31.0	31.0
"栗林次美"	1993.0	"Akita"	"Akita 2"	"くりばやし次美"	33.0	26.0
"佐藤栄吉"	1993.0	"Akita"	"Akita 2"	"佐藤栄吉"	40.0	40.0
"実川幸夫"	1993.0	"Chiba"	"Chiba 2"	"実川幸夫"	23.0	23.0
"狩野勝"	1993.0	"Chiba"	"Chiba 4"	"かのう勝"	32.0	18.0
"楢崎弥之助"	1993.0	"Fukuoka"	"Fukuoka 1"	"なら崎弥之助"	42.0	37.0
"山崎拓"	1993.0	"Fukuoka"	"Fukuoka 1"	"山崎拓"	22.0	22.0
"古賀正浩"	1993.0	"Fukuoka"	"Fukuoka 3"	"古賀まさひろ"	32.0	28.0
"中西績介"	1993.0	"Fukuoka"	"Fukuoka 4"	"中西せき介"	31.0	21.0
"松田岩夫"	1993.0	"Gifu"	"Gifu 1"	"松田岩夫"	25.0	25.0
"武藤嘉文"	1993.0	"Gifu"	"Gifu 1"	"武藤嘉文"	44.0	44.0
"田辺誠"	1993.0	"Gunma"	"Gunma 1"	"田辺誠"	23.0	23.0
"長沼広"	1993.0	"Gunma"	"Gunma 2"	"長沼ひろむ"	21.0	24.0
"今津寛"	1993.0	"Hokkaido"	"Hokkaido 2"	"今津ひろし"	26.0	18.0
"中沢健次"	1993.0	"Hokkaido"	"Hokkaido 4"	"中沢けんじ"	28.0	17.0
"武部勤"	1993.0	"Hokkaido"	"Hokkaido 5"	"たけべつとむ"	31.0	15.0
"砂田圭佑"	1993.0	"Hyogo"	"Hyogo 1"	"砂田圭佑"	27.0	27.0
"川内博史"	1993.0	"Kagoshima"	"Kagoshima 1"	"川内ひろし"	24.0	12.0
"柴立俊明"	1993.0	"Kagoshima"	"Kagoshima 3"	"しばたて俊明"	32.0	28.0
"計屋圭宏"	1993.0	"Kanagawa"	"Kanagawa 1"	"はかりや圭宏"	31.0	25.0
"永井英慈"	1993.0	"Kanagawa"	"Kanagawa 2"	"永井えいじ"	30.0	15.0
"小泉晨一"	1993.0	"Kanagawa"	"Kanagawa 5"	"小泉しんいち"	24.0	20.0
"園田博之"	1993.0	"Kumamoto"	"Kumamoto 2"	"園田ひろゆき"	33.0	29.0
"馬場昇"	1993.0	"Kumamoto"	"Kumamoto 2"	"馬場のぼる"	30.0	31.0
"前原誠司"	1993.0	"Kyoto"	"Kyoto 1"	"まえはら誠司"	37.0	32.0
"芳賀芳昭"	1993.0	"Miyagi"	"Miyagi 2"	"芳賀よしあき"	35.0	30.0
"米沢隆"	1993.0	"Miyazaki"	"Miyazaki 1"	"米沢隆"	24.0	24.0
"三井隆典"	1993.0	"Nagano"	"Nagano 1"	"三井たかのり"	26.0	17.0
"中尾武憲"	1993.0	"Nagasaki"	"Nagasaki 2"	"中尾たけのり"	35.0	21.0
"光武顕"	1993.0	"Nagasaki"	"Nagasaki 2"	"光武あきら"	32.0	24.0
"虎島和夫"	1993.0	"Nagasaki"	"Nagasaki 2"	"とらしま和夫"	30.0	22.0
"奥野誠亮"	1993.0	"Nara"	"Nara 1"	"奥野誠亮"	45.0	45.0
"前田正"	1993.0	"Osaka"	"Osaka 2"	"前田ただし"	19.0	23.0
"山口敏夫"	1993.0	"Saitama"	"Saitama 2"	"山口敏夫"	20.0	20.0
"寺内弘子"	1993.0	"Saitama"	"Saitama 5"	"寺内ひろ子"	18.0	17.0
"木部佳昭"	1993.0	"Shizuoka"	"Shizuoka 2"	"きべ佳昭"	32.0	22.0
"斉藤進"	1993.0	"Shizuoka"	"Shizuoka 2"	"斉藤進"	37.0	37.0
"色本進"	1993.0	"Shizuoka"	"Shizuoka 2"	"しきもと進"	22.0	21.0
"神田厚"	1993.0	"Tochigi"	"Tochigi 2"	"神田厚"	23.0	23.0
"小杉隆"	1993.0	"Tokyo"	"Tokyo 3"	"小杉隆"	21.0	21.0
"一ノ瀬大輔"	1993.0	"Tokyo"	"Tokyo 5"	"一ノ瀬大輔"	38.0	38.0
"伊藤昌弘"	1993.0	"Tokyo"	"Tokyo 6"	"伊藤昌弘"	37.0	37.0
"志良以栄"	1993.0	"Tokyo"	"Tokyo 9"	"志良以栄"	28.0	28.0
"佐々木康子"	1993.0	"Tottori"	"Tottori 1"	"佐々木やす子"	28.0	23.0
"遠藤武彦"	1993.0	"Yamagata"	"Yamagata 1"	"遠藤武彦"	48.0	48.0
"近岡理一郎"	1993.0	"Yamagata"	"Yamagata 2"	"近岡理一郎"	36.0	36.0
"河村建夫"	1993.0	"Yamaguchi"	"Yamaguchi 1"	"河村たけお"	28.0	26.0
"片岡武司"	1996.0	"Aichi"	"Aichi 3"	"片岡武司"	25.0	25.0
"高木浩司"	1996.0	"Aichi"	"Aichi 4"	"高木ひろし"	29.0	19.0
"渡辺ますみ"	1996.0	"Aichi"	"Aichi 6"	"渡辺ますみ"	27.0	27.0
"市川恒雄"	1996.0	"Aichi"	"Aichi 7"	"市川つねお"	29.0	17.0
"梶浦勇"	1996.0	"Aichi"	"Aichi 8"	"梶浦いさむ"	30.0	30.0
"半沢勝男"	1996.0	"Chiba"	"Chiba 1"	"はんざわ勝男"	31.0	31.0
"若王子博夫"	1996.0	"Chiba"	"Chiba 7"	"若王子博夫"	31.0	31.0
"早川幸彦"	1996.0	"Chiba"	"Chiba 8"	"早川幸彦"	26.0	26.0
"松本英征"	1996.0	"Chiba"	"Chiba 8"	"松本英征"	29.0	29.0
"弘友和夫"	1996.0	"Fukuoka"	"Fukuoka 10"	"ひろ友和夫"	21.0	20.0
"楢崎欣弥"	1996.0	"Fukuoka"	"Fukuoka 3"	"なら崎きん弥"	40.0	33.0
"鈴木正一"	1996.0	"Fukushima"	"Fukushima 3"	"鈴木正一"	23.0	23.0
"鈴木久"	1996.0	"Fukushima"	"Fukushima 5"	"鈴木久"	20.0	20.0
"高井和伸"	1996.0	"Gifu"	"Gifu 4"	"高井かずのぶ"	29.0	25.0
"高橋佳大"	1996.0	"Hokkaido"	"Hokkaido 8"	"高橋佳大"	37.0	37.0
"紙智子"	1996.0	"Hokkaido"	"Hokkaido 9"	"紙智子"	25.0	25.0
"肥塚博志"	1996.0	"Hyogo"	"Hyogo 7"	"こえづか博志"	39.0	28.0
"磯見恵子"	1996.0	"Hyogo"	"Hyogo 7"	"いそみ恵子"	37.0	21.0
"奥田敬和"	1996.0	"Ishikawa"	"Ishikawa 1"	"奥田敬和"	37.0	37.0
"一川保夫"	1996.0	"Ishikawa"	"Ishikawa 2"	"一川やすお"	17.0	14.0
"小里貞利"	1996.0	"Kagoshima"	"Kagoshima 4"	"小里貞利"	26.0	26.0
"柴田久史"	1996.0	"Kanagawa"	"Kanagawa 10"	"柴田ひさし"	23.0	21.0
"河野洋平"	1996.0	"Kanagawa"	"Kanagawa 17"	"河野洋平"	33.0	33.0
"上田晃弘"	1996.0	"Kanagawa"	"Kanagawa 2"	"上田あきひろ"	23.0	19.0
"園田博之"	1996.0	"Kumamoto"	"Kumamoto 4"	"園田ひろゆき"	33.0	29.0
"蜷川澄村"	1996.0	"Kyoto"	"Kyoto 1"	"蜷川澄村"	39.0	39.0
"五十嵐辰也"	1996.0	"Miyagi"	"Miyagi 2"	"いがらしたつや"	28.0	17.0
"二見剛"	1996.0	"Miyagi"	"Miyagi 5"	"ふたみ剛"	19.0	21.0
"椎葉憲一"	1996.0	"Miyazaki"	"Miyazaki 1"	"しいば憲一"	41.0	24.0
"宮川和浩"	1996.0	"Nagano"	"Nagano 1"	"宮川かずひろ"	31.0	23.0
"北沢清功"	1996.0	"Nagano"	"Nagano 2"	"北沢清功"	28.0	28.0
"村田光"	1996.0	"Nara"	"Nara 4"	"村田光"	18.0	18.0
"渡辺秀央"	1996.0	"Niigata"	"Niigata 4"	"渡辺ひでお"	29.0	25.0
"栗原博久"	1996.0	"Niigata"	"Niigata 4"	"くりはら博久"	35.0	25.0
"岩屋毅"	1996.0	"Oita"	"Oita 4"	"岩屋たけし"	32.0	25.0
"木村隆"	1996.0	"Saga"	"Saga 1"	"木村たかし"	22.0	19.0
"山田弘吉"	1996.0	"Saitama"	"Saitama 14"	"山田ひろよし"	19.0	16.0
"細川律夫"	1996.0	"Saitama"	"Saitama 3"	"細川律夫"	27.0	27.0
"石井健祐"	1996.0	"Saitama"	"Saitama 9"	"石井けんすけ"	29.0	20.0
"栗山満子"	1996.0	"Shizuoka"	"Shizuoka 4"	"栗山みつこ"	28.0	19.0
"渡辺周"	1996.0	"Shizuoka"	"Shizuoka 6"	"わたなべ周"	25.0	21.0
"滝友二"	1996.0	"Tochigi"	"Tochigi 1"	"たき友二"	19.0	14.0
"西川公也"	1996.0	"Tochigi"	"Tochigi 2"	"西川こうや"	16.0	16.0
"金森隆"	1996.0	"Tokyo"	"Tokyo 18"	"金森たかし"	31.0	28.0
"鳩山邦夫"	1996.0	"Tokyo"	"Tokyo 2"	"はとやま邦夫"	27.0	24.0
"岩佐恵美"	1996.0	"Tokyo"	"Tokyo 21"	"いわさ恵美"	34.0	27.0
"越智通雄"	1996.0	"Tokyo"	"Tokyo 6"	"越智通雄"	46.0	46.0
"石破茂"	1996.0	"Tottori"	"Tottori 1"	"石破しげる"	23.0	22.0
"山崎晋吾"	1996.0	"Yamagata"	"Yamagata 1"	"やまざき晋吾"	31.0	31.0
"近藤鉄雄"	1996.0	"Yamagata"	"Yamagata 2"	"近藤鉄雄"	50.0	50.0
"石田保"	2000.0	"Aichi"	"Aichi 10"	"石田保"	19.0	19.0
"尾崎昭広"	2000.0	"Aichi"	"Aichi 7"	"尾崎アキヒロ"	32.0	28.0
"笹山登生"	2000.0	"Akita"	"Akita 3"	"ささやま登生"	31.0	30.0
"木下千代治"	2000.0	"Aomori"	"Aomori 2"	"木下ちよじ"	23.0	14.0
"工藤忠次"	2000.0	"Chiba"	"Chiba 2"	"工藤タダツグ"	35.0	32.0
"秋元豊"	2000.0	"Chiba"	"Chiba 4"	"秋元豊"	26.0	26.0
"北角虎男"	2000.0	"Chiba"	"Chiba 7"	"北角とらお"	27.0	21.0
"林紀子"	2000.0	"Ehime"	"Ehime 1"	"林のりこ"	20.0	13.0
"山本公一"	2000.0	"Ehime"	"Ehime 4"	"山本公一"	13.0	13.0
"金元幸枝"	2000.0	"Fukui"	"Fukui 1"	"かねもと幸枝"	28.0	28.0
"熊谷敦子"	2000.0	"Fukuoka"	"Fukuoka 3"	"熊谷あつ子"	36.0	28.0
"吉田泉"	2000.0	"Fukushima"	"Fukushima 5"	"吉田泉"	20.0	20.0
"半田正"	2000.0	"Gunma"	"Gunma 5"	"半田正"	15.0	15.0
"佐藤公治"	2000.0	"Hiroshima"	"Hiroshima 6"	"佐藤こうじ"	37.0	30.0
"横路孝弘"	2000.0	"Hokkaido"	"Hokkaido 1"	"よこみち孝弘"	40.0	23.0
"小村貞三"	2000.0	"Hokkaido"	"Hokkaido 1"	"小村貞三"	22.0	22.0
"北村直人"	2000.0	"Hokkaido"	"Hokkaido 13"	"北村直人"	22.0	22.0
"川内一男"	2000.0	"Hyogo"	"Hyogo 7"	"川内一男"	15.0	15.0
"室井邦彦"	2000.0	"Hyogo"	"Hyogo 8"	"むろい邦彦"	29.0	24.0
"額賀福志郎"	2000.0	"Ibaraki"	"Ibaraki 2"	"ぬかが福志郎"	59.0	38.0
"小沢一郎"	2000.0	"Iwate"	"Iwate 4"	"小沢一郎"	20.0	20.0
"村山智"	2000.0	"Kagoshima"	"Kagoshima 3"	"村山さとし"	22.0	16.0
"野田将晴"	2000.0	"Kumamoto"	"Kumamoto 5"	"野田まさはる"	38.0	30.0
"玉置一弥"	2000.0	"Kyoto"	"Kyoto 6"	"玉置一弥"	27.0	27.0
"岸田賢剛"	2000.0	"Mie"	"Mie 4"	"きしだ賢剛"	39.0	35.0
"三塚博"	2000.0	"Miyagi"	"Miyagi 3"	"三塚博"	27.0	27.0
"倉成正和"	2000.0	"Nagasaki"	"Nagasaki 1"	"倉成正和"	29.0	29.0
"今川正美"	2000.0	"Nagasaki"	"Nagasaki 4"	"今川正美"	21.0	21.0
"佐藤真理"	2000.0	"Nara"	"Nara 1"	"佐藤まさみち"	46.0	38.0
"亀山教明"	2000.0	"Oita"	"Oita 1"	"かめやま教明"	33.0	31.0
"佛坂健二"	2000.0	"Oita"	"Oita 2"	"ぶつさか健二"	27.0	24.0
"小川勉"	2000.0	"Oita"	"Oita 3"	"小川つとむ"	16.0	13.0
"白保台一"	2000.0	"Okinawa"	"Okinawa 1"	"シラホ台一"	20.0	15.0
"金城浩"	2000.0	"Okinawa"	"Okinawa 2"	"金城ヒロシ"	27.0	25.0
"相田勲"	2000.0	"Osaka"	"Osaka 15"	"相田いさお"	29.0	23.0
"沖津しのぶ"	2000.0	"Osaka"	"Osaka 18"	"沖津しのぶ"	22.0	22.0
"石井郁子"	2000.0	"Osaka"	"Osaka 2"	"石井いく子"	21.0	15.0
"小林美恵子"	2000.0	"Osaka"	"Osaka 3"	"小林みえこ"	33.0	19.0
"藤村修"	2000.0	"Osaka"	"Osaka 7"	"ふじむら修"	35.0	22.0
"松下陽一"	2000.0	"Osaka"	"Osaka 9"	"松下陽一"	24.0	24.0
"福永信彦"	2000.0	"Saitama"	"Saitama 5"	"福永信彦"	36.0	36.0
"並木正芳"	2000.0	"Saitama"	"Saitama 8"	"なみき正芳"	24.0	24.0
"細田博之"	2000.0	"Shimane"	"Shimane 1"	"細田博之"	31.0	31.0
"鮫島宗明"	2000.0	"Tokyo"	"Tokyo 10"	"さめじま宗明"	43.0	26.0
"下村博文"	2000.0	"Tokyo"	"Tokyo 11"	"下村博文"	26.0	26.0
"近藤薫"	2000.0	"Tokyo"	"Tokyo 15"	"近藤薫"	41.0	41.0
"山内功"	2000.0	"Tottori"	"Tottori 2"	"山内おさむ"	12.0	18.0
"野畑圭造"	2000.0	"Toyama"	"Toyama 3"	"のばた圭造"	36.0	25.0
"中尾栄一"	2000.0	"Yamanashi"	"Yamanashi 1"	"中尾栄一"	21.0	21.0
"江渡聡徳"	2003.0	"Aomori"	"Aomori 2"	"江渡あきのり"	46.0	28.0
"松野博一"	2003.0	"Chiba"	"Chiba 3"	"松野ひろかず"	32.0	29.0
"薗浦健太郎"	2003.0	"Chiba"	"Chiba 5"	"そのうら健太郎"	50.0	33.0
"松本和巳"	2003.0	"Chiba"	"Chiba 7"	"マツモトカズミ"	24.0	17.0
"村上誠一郎"	2003.0	"Ehime"	"Ehime 2"	"村上誠一郎"	33.0	33.0
"藤田高景"	2003.0	"Ehime"	"Ehime 3"	"藤田たかかげ"	45.0	36.0
"平泉渉"	2003.0	"Fukui"	"Fukui 2"	"平泉わとる"	25.0	22.0
"原田義昭"	2003.0	"Fukuoka"	"Fukuoka 5"	"原田よしあき"	37.0	26.0
"馬場恵美子"	2003.0	"Fukuoka"	"Fukuoka 7"	"ばば恵美子"	44.0	30.0
"三井辨雄"	2003.0	"Hokkaido"	"Hokkaido 2"	"三井わきお"	35.0	18.0
"二見伸明"	2003.0	"Ibaraki"	"Ibaraki 6"	"二見伸明"	24.0	24.0
"菊池幸夫"	2003.0	"Iwate"	"Iwate 3"	"菊池ゆきお"	29.0	28.0
"村山智"	2003.0	"Kagoshima"	"Kagoshima 3"	"村山さとし"	22.0	16.0
"松本純"	2003.0	"Kanagawa"	"Kanagawa 1"	"松本純"	23.0	23.0
"中家治子"	2003.0	"Kanagawa"	"Kanagawa 1"	"なかいえ治子"	25.0	24.0
"小泉純一郎"	2003.0	"Kanagawa"	"Kanagawa 11"	"小泉純一郎"	32.0	32.0
"箕浦一雄"	2003.0	"Kanagawa"	"Kanagawa 14"	"みの浦いつお"	37.0	21.0
"安済清雄"	2003.0	"Kanagawa"	"Kanagawa 18"	"安済清雄"	40.0	40.0
"鈴木恒夫"	2003.0	"Kanagawa"	"Kanagawa 7"	"鈴木恒夫"	30.0	30.0
"田井肇"	2003.0	"Kochi"	"Kochi 1"	"田井はじめ"	23.0	16.0
"前原誠司"	2003.0	"Kyoto"	"Kyoto 2"	"まえはら誠司"	37.0	32.0
"奥山茂彦"	2003.0	"Kyoto"	"Kyoto 3"	"おくやま茂彦"	32.0	29.0
"菱田嘉明"	2003.0	"Kyoto"	"Kyoto 6"	"ひしだ嘉明"	38.0	29.0
"中野早苗"	2003.0	"Nagano"	"Nagano 1"	"中野さなえ"	29.0	26.0
"奥野信亮"	2003.0	"Nara"	"Nara 3"	"奥野しんすけ"	41.0	32.0
"衛藤征士郎"	2003.0	"Oita"	"Oita 2"	"えとう征士郎"	54.0	27.0
"重野安正"	2003.0	"Oita"	"Oita 2"	"しげの安正"	31.0	16.0
"肥田美代子"	2003.0	"Osaka"	"Osaka 10"	"ひだ美代子"	30.0	23.0
"菅野悦子"	2003.0	"Osaka"	"Osaka 10"	"すがの悦子"	35.0	20.0
"山下京子"	2003.0	"Osaka"	"Osaka 11"	"山下京子"	17.0	17.0
"小川眞澄"	2003.0	"Osaka"	"Osaka 11"	"小川ますみ"	31.0	16.0
"大塚高司"	2003.0	"Osaka"	"Osaka 8"	"大塚たかし"	30.0	23.0
"今井宏"	2003.0	"Saitama"	"Saitama 3"	"今井宏"	15.0	15.0
"若松謙維"	2003.0	"Saitama"	"Saitama 6"	"若松かねしげ"	47.0	27.0
"久保孝之"	2003.0	"Tokushima"	"Tokushima 3"	"久保たかゆき"	22.0	26.0
"後藤田正純"	2003.0	"Tokushima"	"Tokushima 3"	"後藤田まさずみ"	47.0	45.0
"志良以栄"	2003.0	"Tokyo"	"Tokyo 10"	"しらい栄"	28.0	15.0
"山花郁夫"	2003.0	"Tokyo"	"Tokyo 22"	"山花いくお"	23.0	17.0
"伊藤達也"	2003.0	"Tokyo"	"Tokyo 22"	"伊藤達也"	39.0	39.0
"越智隆雄"	2003.0	"Tokyo"	"Tokyo 6"	"越智たかお"	47.0	35.0
"山田哲男"	2003.0	"Toyama"	"Toyama 1"	"山田哲男"	25.0	25.0
"辰尾哲雄"	2003.0	"Toyama"	"Toyama 2"	"たつお哲雄"	36.0	31.0
"下角力"	2003.0	"Wakayama"	"Wakayama 1"	"下角つとむ"	12.0	17.0
"谷本龍哉"	2003.0	"Wakayama"	"Wakayama 1"	"谷本たつや"	37.0	20.0
"遠藤武彦"	2003.0	"Yamagata"	"Yamagata 2"	"遠藤武彦"	48.0	48.0
"斎藤淳"	2003.0	"Yamagata"	"Yamagata 3"	"斎藤じゆん"	40.0	35.0
"安倍晋三"	2003.0	"Yamaguchi"	"Yamaguchi 4"	"あべ晋三"	29.0	17.0
"米田建三"	2003.0	"Yamanashi"	"Yamanashi 1"	"よねだ建三"	23.0	23.0
"小沢鋭仁"	2003.0	"Yamanashi"	"Yamanashi 1"	"小沢さきひと"	29.0	21.0
"花田仁"	2003.0	"Yamanashi"	"Yamanashi 2"	"花田仁"	16.0	16.0
"小林正和"	2005.0	"Aichi"	"Aichi 1"	"小林正和"	24.0	24.0
"本村伸子"	2005.0	"Aichi"	"Aichi 11"	"もとむら伸子"	22.0	22.0
"杉浦正健"	2005.0	"Aichi"	"Aichi 12"	"杉浦正健"	33.0	33.0
"河江明美"	2005.0	"Aichi"	"Aichi 5"	"かわえ明美"	31.0	26.0
"井野長英"	2005.0	"Chiba"	"Chiba 13"	"井野長英"	31.0	31.0
"高橋妙子"	2005.0	"Chiba"	"Chiba 6"	"高橋たえこ"	36.0	35.0
"岡靖"	2005.0	"Ehime"	"Ehime 1"	"岡靖"	21.0	21.0
"山田博敏"	2005.0	"Fukuoka"	"Fukuoka 2"	"山田ひろとし"	30.0	15.0
"佐藤克朗"	2005.0	"Fukushima"	"Fukushima 2"	"佐藤かつひろ"	42.0	33.0
"玄葉光一郎"	2005.0	"Fukushima"	"Fukushima 3"	"げんば光一郎"	33.0	25.0
"土屋富久"	2005.0	"Gunma"	"Gunma 1"	"つちや富久"	27.0	22.0
"谷建夫"	2005.0	"Hokkaido"	"Hokkaido 10"	"谷たてお"	20.0	17.0
"菅原誠"	2005.0	"Hokkaido"	"Hokkaido 12"	"菅原まこと"	34.0	29.0
"武部勤"	2005.0	"Hokkaido"	"Hokkaido 12"	"たけべつとむ"	31.0	15.0
"金田英行"	2005.0	"Hokkaido"	"Hokkaido 6"	"金田えいこう"	27.0	22.0
"土肥隆一"	2005.0	"Hyogo"	"Hyogo 3"	"どい隆一"	23.0	16.0
"赤城徳彦"	2005.0	"Ibaraki"	"Ibaraki 1"	"あかぎ徳彦"	39.0	33.0
"中山一生"	2005.0	"Ibaraki"	"Ibaraki 3"	"中山かずお"	13.0	17.0
"丹羽雄哉"	2005.0	"Ibaraki"	"Ibaraki 6"	"にわゆうや"	31.0	14.0
"斎藤勁"	2005.0	"Kanagawa"	"Kanagawa 11"	"斉藤つよし"	38.0	31.0
"加藤尚彦"	2005.0	"Kanagawa"	"Kanagawa 3"	"かとう尚彦"	40.0	24.0
"岩国哲人"	2005.0	"Kanagawa"	"Kanagawa 8"	"岩國哲人"	28.0	31.0
"福田峰之"	2005.0	"Kanagawa"	"Kanagawa 8"	"ふくだ峰之"	31.0	22.0
"笠浩史"	2005.0	"Kanagawa"	"Kanagawa 9"	"笠ひろふみ"	26.0	22.0
"山本有二"	2005.0	"Kochi"	"Kochi 3"	"山本有二"	16.0	16.0
"原俊史"	2005.0	"Kyoto"	"Kyoto 2"	"原としふみ"	24.0	20.0
"川崎二郎"	2005.0	"Mie"	"Mie 1"	"川崎二郎"	25.0	25.0
"江藤拓"	2005.0	"Miyazaki"	"Miyazaki 2"	"江藤拓"	32.0	32.0
"岩谷昇介"	2005.0	"Nagano"	"Nagano 3"	"いわや昇介"	27.0	20.0
"今川正美"	2005.0	"Nagasaki"	"Nagasaki 4"	"今川正美"	21.0	21.0
"岩屋毅"	2005.0	"Oita"	"Oita 3"	"岩屋たけし"	32.0	25.0
"津村啓介"	2005.0	"Okayama"	"Okayama 2"	"津村啓介"	31.0	31.0
"橋本岳"	2005.0	"Okayama"	"Okayama 4"	"橋本岳"	29.0	29.0
"中馬弘毅"	2005.0	"Osaka"	"Osaka 1"	"中馬こうき"	34.0	22.0
"竹本直一"	2005.0	"Osaka"	"Osaka 15"	"竹本直一"	20.0	20.0
"長安豊"	2005.0	"Osaka"	"Osaka 19"	"長安たかし"	27.0	22.0
"谷口隆義"	2005.0	"Osaka"	"Osaka 5"	"谷口隆義"	34.0	34.0
"大塚高司"	2005.0	"Osaka"	"Osaka 8"	"大塚たかし"	30.0	23.0
"八木昭次"	2005.0	"Saitama"	"Saitama 11"	"八木あきじ"	21.0	14.0
"大島敦"	2005.0	"Saitama"	"Saitama 6"	"大島あつし"	25.0	18.0
"小林隆"	2005.0	"Tochigi"	"Tochigi 3"	"小林たかし"	22.0	19.0
"山崎寿彦"	2005.0	"Tochigi"	"Tochigi 4"	"やまざき寿彦"	30.0	30.0
"堀江泰信"	2005.0	"Tokyo"	"Tokyo 1"	"堀江やすのぶ"	36.0	28.0
"八代英太"	2005.0	"Tokyo"	"Tokyo 12"	"八代英太"	19.0	19.0
"東祥三"	2005.0	"Tokyo"	"Tokyo 15"	"あずま祥三"	21.0	23.0
"平沢勝栄"	2005.0	"Tokyo"	"Tokyo 17"	"平沢勝栄"	33.0	33.0
"土屋正忠"	2005.0	"Tokyo"	"Tokyo 18"	"土屋正忠"	25.0	25.0
"中山義活"	2005.0	"Tokyo"	"Tokyo 2"	"中山よしかつ"	29.0	15.0
"岸本周平"	2005.0	"Wakayama"	"Wakayama 1"	"岸本周平"	26.0	26.0
"後藤斎"	2005.0	"Yamanashi"	"Yamanashi 3"	"後藤ひとし"	38.0	32.0
"山尾志桜里"	2009.0	"Aichi"	"Aichi 7"	"山尾しおり"	34.0	17.0
"山崎温之"	2009.0	"Chiba"	"Chiba 6"	"山崎はるゆき"	29.0	28.0
"斎藤健"	2009.0	"Chiba"	"Chiba 7"	"さいとう健"	40.0	20.0
"加藤英雄"	2009.0	"Chiba"	"Chiba 8"	"加藤英雄"	43.0	43.0
"水野賢一"	2009.0	"Chiba"	"Chiba 9"	"水野けんいち"	32.0	25.0
"川原康裕"	2009.0	"Fukuoka"	"Fukuoka 3"	"川原やすひろ"	36.0	23.0
"鈴木幸治"	2009.0	"Fukuoka"	"Fukuoka 4"	"すずき幸治"	33.0	26.0
"川合剛弘"	2009.0	"Gifu"	"Gifu 4"	"川合よしひろ"	24.0	17.0
"生方秀幸"	2009.0	"Gunma"	"Gunma 5"	"生方秀幸"	24.0	24.0
"菅川洋"	2009.0	"Hiroshima"	"Hiroshima 1"	"すげかわ洋"	23.0	21.0
"亀井静香"	2009.0	"Hiroshima"	"Hiroshima 6"	"カメイ静香"	38.0	29.0
"宮沢洋一"	2009.0	"Hiroshima"	"Hiroshima 7"	"宮沢洋一"	27.0	27.0
"長谷川岳"	2009.0	"Hokkaido"	"Hokkaido 1"	"長谷川岳"	26.0	26.0
"小平忠正"	2009.0	"Hokkaido"	"Hokkaido 10"	"小平忠正"	21.0	21.0
"笹松長磨"	2009.0	"Hokkaido"	"Hokkaido 12"	"笹松ながまろ"	43.0	33.0
"戸井田徹"	2009.0	"Hyogo"	"Hyogo 11"	"戸井田とおる"	28.0	22.0
"山本正晴"	2009.0	"Hyogo"	"Hyogo 3"	"山本正晴"	25.0	25.0
"金田峰生"	2009.0	"Hyogo"	"Hyogo 3"	"金田みねお"	28.0	24.0
"宮本春樹"	2009.0	"Ibaraki"	"Ibaraki 3"	"宮本はるき"	40.0	26.0
"中村伸丈"	2009.0	"Ibaraki"	"Ibaraki 4"	"中村のぶたけ"	21.0	23.0
"鈴木俊博"	2009.0	"Ibaraki"	"Ibaraki 6"	"鈴木としひろ"	38.0	24.0
"柳田和己"	2009.0	"Ibaraki"	"Ibaraki 7"	"やなぎだ和己"	25.0	27.0
"寺迫好美"	2009.0	"Kagoshima"	"Kagoshima 3"	"寺迫よしみ"	29.0	21.0
"小泉進次郎"	2009.0	"Kanagawa"	"Kanagawa 11"	"小泉進次郎"	38.0	38.0
"山際大志郎"	2009.0	"Kanagawa"	"Kanagawa 18"	"やまぎわ大志郎"	36.0	33.0
"遠山浩子"	2009.0	"Kanagawa"	"Kanagawa 18"	"遠山ひろこ"	29.0	22.0
"長島一由"	2009.0	"Kanagawa"	"Kanagawa 4"	"長島一由"	24.0	24.0
"村上信夫"	2009.0	"Kochi"	"Kochi 3"	"村上信夫"	23.0	23.0
"前原誠司"	2009.0	"Kyoto"	"Kyoto 2"	"まえはら誠司"	37.0	32.0
"川崎二郎"	2009.0	"Mie"	"Mie 1"	"川崎二郎"	25.0	25.0
"中川正春"	2009.0	"Mie"	"Mie 2"	"中川正春"	21.0	21.0
"平田耕一"	2009.0	"Mie"	"Mie 3"	"平田耕一"	21.0	21.0
"氏家次男"	2009.0	"Miyagi"	"Miyagi 6"	"氏家次男"	27.0	27.0
"関谷剛"	2009.0	"Niigata"	"Niigata 4"	"関谷たけし"	31.0	29.0
"米山隆一"	2009.0	"Niigata"	"Niigata 5"	"米山隆一"	21.0	21.0
"森山浩行"	2009.0	"Osaka"	"Osaka 16"	"森山浩行"	31.0	31.0
"中山太郎"	2009.0	"Osaka"	"Osaka 18"	"中山太郎"	20.0	20.0
"橋山穂波"	2009.0	"Saga"	"Saga 3"	"橋山ほなみ"	42.0	32.0
"小島敏男"	2009.0	"Saitama"	"Saitama 12"	"小島敏男"	30.0	30.0
"石田勝之"	2009.0	"Saitama"	"Saitama 2"	"石田勝之"	25.0	25.0
"今井宏"	2009.0	"Saitama"	"Saitama 3"	"今井宏"	15.0	15.0
"長沼チネ"	2009.0	"Saitama"	"Saitama 7"	"長沼ちね"	23.0	23.0
"塩川鉄也"	2009.0	"Saitama"	"Saitama 8"	"塩川てつや"	32.0	22.0
"細野豪志"	2009.0	"Shizuoka"	"Shizuoka 5"	"細野豪志"	43.0	43.0
"下村博文"	2009.0	"Tokyo"	"Tokyo 11"	"下村博文"	26.0	26.0
"島村宜伸"	2009.0	"Tokyo"	"Tokyo 16"	"島村宜伸"	32.0	32.0
"末松義規"	2009.0	"Tokyo"	"Tokyo 19"	"末松義規"	37.0	37.0
"小野澤智子"	2009.0	"Tokyo"	"Tokyo 24"	"小野沢ともこ"	45.0	28.0
"小鮒将人"	2009.0	"Tokyo"	"Tokyo 25"	"こぶな将人"	31.0	23.0
"遠藤利明"	2009.0	"Yamagata"	"Yamagata 1"	"遠藤利明"	46.0	46.0
