,UniqueID,ID,First.Name,Last.Name,Parliament,Party,Seniority,MaoriParty,MaoriPartyNZ1,MMPR,MMSMDP,MaoriRoll,Ethnicity,AddressMaori,ContentMaori,AddContMaori,Articles,ContAddArticles,Question,MaoriWords,BContentMaori,BArticlewords,BContArticlewords,Bill,TotalWords,Government,FullName,CriticalMass,MaoriWordsLim,TotalWordsLim,SpeechLim,Dual,PurePR,PureNominal,DistrictName,MRDistrict1,16,1645,Arthur,Anae,45,National,1,0,0,1,0,0,0,0,1,1,1,1,14,185,0,0,0,0,37011,1,Arthur Anae,17,185,37011,180,0,1,0,ZZ_List only,02,158,15845,Jim,Anderton,45,Alliance,5,0,0,0,1,0,0,1,3,3,3,4,112,71,0,0,0,1,189603,0,Jim Anderton,17,71,189603,959,1,0,0,Wigram,03,330,33045,Shane,Ardern,45,National,1,0,0,0,1,0,0,0,0,0,0,0,10,12,0,0,0,0,25946,1,Shane Ardern,17,12,25946,208,0,0,1,Taranaki-King Country,04,91,9145,Donna,Awatere Huata,45,ACT,1,0,0,1,0,0,1,0,0,0,0,0,12,574,0,0,0,1,58084,0,Donna Awatere Huata,17,574,58084,191,1,0,0,ZTe Puke O Te Whenua,15,166,16645,John,Banks,45,National,6,0,0,0,1,0,0,0,0,0,0,0,0,22,0,0,0,0,27773,1,John Banks,17,22,27773,88,1,0,0,Whangarei,06,305,30545,Rick,Barker,45,Labour,2,0,0,0,1,0,0,0,0,0,0,0,2,68,0,0,0,2,178850,0,Rick Barker,17,68,178850,1073,1,0,0,Tukituki,07,353,35345,Tim,Barnett,45,Labour,1,0,0,0,1,0,0,0,0,0,0,0,6,19,0,0,0,1,65998,0,Tim Barnett,17,19,65998,99,0,0,1,Christchurch Central,08,10,1045,Ann,Batten,45,New Zealand First,1,0,1,1,0,0,0,1,1,2,1,3,29,92,0,0,0,0,56046,1,Ann Batten,17,92,56046,217,1,0,0,North Shore,09,22,2245,Bill,Birch,45,National,9,0,0,0,1,0,0,0,0,0,0,0,0,56,0,0,0,0,171282,1,Bill Birch,17,56,171282,1161,1,0,0,Port Waikato,010,152,15245,Jenny,Bloxham,45,New Zealand First,1,0,1,1,0,0,0,0,0,0,0,0,37,23,0,0,0,0,60344,1,Jenny Bloxham,17,23,60344,370,1,0,0,Aoraki,011,145,14545,James,Bolger,45,National,9,0,0,0,1,0,0,0,0,0,0,0,0,42,0,0,0,0,89723,1,Jim Bolger,17,42,89723,648,1,0,0,Taranaki-King Country,012,233,23345,Max,Bradford,45,National,3,0,0,0,1,0,0,0,0,0,0,0,0,97,0,0,0,0,145284,1,Max Bradford,17,97,145284,1203,0,0,1,Rotorua,013,107,10745,Geoff,Braybrooke,45,Labour,6,0,0,0,1,0,0,0,0,0,0,0,5,5,0,0,0,4,27995,0,Geoff Braybrooke,17,5,27995,200,0,0,1,Napier,014,278,27845,Peter,Brown,45,New Zealand First,1,0,1,1,0,0,0,1,1,1,0,1,32,18,0,0,0,0,62205,1,Peter Brown,17,18,62205,380,1,0,0,Bay of Plenty,015,114,11445,Gerry,Brownlee,45,National,1,0,0,0,1,0,0,0,0,0,0,0,37,76,0,0,0,0,144911,1,Gerry Brownlee,17,76,144911,1325,1,0,0,Ilam,016,291,29145,Phillida,Bunkle,45,Alliance,1,0,0,1,0,0,0,0,0,0,0,0,33,26,0,0,0,4,79594,0,Phillida Bunkle,17,26,79594,370,1,0,0,Ohariu Belmont,017,224,22445,Mark,Burton,45,Labour,2,0,0,0,1,0,0,0,1,1,0,1,2,42,0,0,0,2,92858,0,Mark Burton,17,42,92858,1179,1,0,0,Taupo,018,169,16945,John,Carter,45,National,4,0,0,0,1,0,0,0,0,0,0,0,12,48,0,0,0,3,102039,1,John Carter,17,48,102039,21,1,0,0,Northland,019,72,7245,David,Carter,45,National,2,0,0,0,1,0,0,0,1,1,1,2,31,28,0,0,0,0,109782,1,David Carter,17,28,109782,13,1,0,0,Banks Peninsula,020,130,13045,Helen,Clark,45,Labour,6,0,0,0,1,0,0,0,6,6,5,6,149,163,0,0,0,0,119838,0,Helen Clark,17,163,119838,825,1,0,0,Owairaka,021,262,26245,Pam,Corkery,45,Alliance,1,0,0,1,0,0,0,0,1,1,1,1,8,43,0,0,0,3,72686,0,Pam Corkery,17,43,72686,214,0,1,0,ZZ_List only,022,376,37645,Wyatt,Creech,45,National,4,0,0,0,1,0,0,0,0,0,0,0,0,188,0,0,0,0,217484,1,Wyatt Creech,17,188,217484,2200,1,0,0,Wairarapa,023,240,24045,Michael,Cullen,45,Labour,6,0,0,0,1,0,0,2,3,3,3,5,145,292,0,0,0,1,411548,0,Michael Cullen,17,292,411548,2375,1,0,0,Dunedin South,024,206,20645,Lianne,Dalziel,45,Labour,3,0,0,1,0,0,0,0,0,0,0,0,31,141,0,0,0,1,280356,0,Lianne Dalziel,17,141,280356,1442,0,1,0,ZZ_List only,025,365,36545,Tuariki,Delamere,45,New Zealand First,1,0,1,0,0,1,1,0,0,0,0,0,0,1218,0,0,0,0,112247,1,Tuariki Delamere,17,1218,112247,743,1,0,0,ZTe Tai Rawhiti,126,313,31345,Rod,Donald,45,Alliance,1,0,0,1,0,0,0,0,0,0,0,0,10,14,0,0,0,1,84557,0,Rod Donald,17,14,84557,310,1,0,0,Banks Peninsula,027,35,3545,Brian,Donnelly,45,New Zealand First,1,0,1,1,0,0,0,1,2,2,0,2,16,688,0,0,0,1,91146,1,Brian Donnelly,17,688,91146,387,1,0,0,Whangarei,028,131,13145,Helen,Duncan,45,Labour,1,0,0,1,0,0,0,0,0,0,0,0,0,54,0,0,0,0,35132,0,Helen Duncan,17,54,35132,89,1,0,0,Epsom,029,279,27945,Peter,Dunne,45,United,5,0,0,0,1,0,0,0,0,0,0,0,25,12,0,0,0,1,84029,0,Peter Dunne,17,12,84029,237,1,0,0,Ohariu Belmont,030,127,12745,Harry,Duynhoven,45,Labour,3,0,0,0,1,0,0,0,0,0,0,0,24,35,0,0,0,0,147687,0,Harry Duynhoven,17,35,147687,790,0,0,1,New Plymouth,031,325,32545,Ruth,Dyson,45,Labour,2,0,0,1,0,0,0,0,0,0,0,0,10,28,0,0,0,1,164599,0,Ruth Dyson,17,28,164599,583,1,0,0,Banks Peninsula,032,267,26745,Paul,East,45,National,7,0,0,1,0,0,0,0,0,0,0,0,0,33,0,0,0,0,63249,1,Paul East,17,33,63249,357,0,1,0,ZZ_List only,033,142,14245,Jack,Elder,45,New Zealand First,5,0,1,1,0,0,0,0,0,0,0,0,0,22,0,0,0,0,91512,1,Jack Elder,17,22,91512,722,1,0,0,Waipareira,034,24,2445,Bill,English,45,National,3,0,0,0,1,0,0,0,0,0,0,0,0,44,0,0,0,0,136014,1,Bill English,17,44,136014,1206,1,0,0,Clutha-Southland,035,349,34945,Taito Phillip,Field,45,Labour,2,0,0,0,1,0,0,0,0,0,0,0,3,171,0,0,0,1,87793,0,Taito Phillip Field,17,171,87793,213,0,0,1,Mangere,036,149,14945,Jeanette,Fitzsimons,45,Alliance,1,0,0,1,0,0,0,0,0,0,0,0,24,32,0,0,0,1,86027,0,Jeanette Fitzsimons,17,32,86027,286,1,0,0,Coromandel,037,51,5145,Christine,Fletcher,45,National,3,0,0,0,1,0,0,0,0,0,0,0,3,6,0,0,0,0,58848,1,Christine Fletcher,17,6,58848,116,1,0,0,Epsom,038,160,16045,Jim,Gerard,45,National,5,0,0,1,0,0,0,0,0,0,0,0,0,0,0,0,0,0,2997,1,Jim Gerard,17,0,2997,4,1,0,0,Waimakariri,039,122,12245,Grant,Gillon,45,Alliance,1,0,0,1,0,0,0,0,0,0,0,0,27,38,0,0,0,2,97901,0,Grant Gillon,17,38,97901,678,1,0,0,Northcote,040,286,28645,Phil,Goff,45,Labour,5,0,0,0,1,0,0,0,2,2,3,3,77,77,0,0,0,4,275879,0,Phil Goff,17,77,275879,1042,0,0,1,New Lynn,041,208,20845,Liz,Gordon,45,Alliance,1,0,0,1,0,0,0,0,0,0,0,0,25,101,0,0,0,2,73031,0,Liz Gordon,17,101,73031,289,1,0,0,Christchurch Central,042,225,22545,Mark,Gosche,45,Labour,1,0,0,1,0,0,0,0,1,1,0,1,3,68,0,0,0,1,247539,0,Mark Gosche,17,68,247539,736,0,1,0,ZZ_List only,043,92,9245,Doug,Graham,45,National,5,0,0,1,0,0,0,0,0,0,0,0,0,372,0,0,0,0,153293,1,Doug Graham,17,372,153293,1071,0,1,0,ZZ_List only,044,280,28045,Peter,Gresham,45,National,3,0,0,1,0,0,0,0,0,0,0,0,3,12,0,0,0,0,73416,1,Peter Gresham,17,12,73416,197,1,0,0,Whanganui,045,102,10245,Frank,Grover,45,Alliance,1,0,0,1,0,0,0,0,0,0,0,0,6,35,0,0,0,1,72210,0,Frank Grover,17,35,72210,180,1,0,0,Northland,046,202,20245,Laila,Harre,45,Alliance,1,0,0,1,0,0,0,1,1,1,0,1,19,16,0,0,0,4,103407,0,Laila Harre,17,16,103407,285,1,0,0,Waipareira,047,222,22245,Marie,Hasler,45,National,2,0,0,0,1,0,0,0,0,0,0,0,22,36,0,0,0,0,48479,1,Marie Hasler,17,36,48479,307,1,0,0,Waitakere,048,164,16445,Joe,Hawke,45,Labour,1,0,0,1,0,0,1,0,1,1,0,1,1,1150,0,0,0,0,31918,0,Joe Hawke,17,1150,31918,123,1,0,0,ZTe Tai Tokerau,149,110,11045,George,Hawkins,45,Labour,3,0,0,0,1,0,0,1,0,1,0,1,47,28,0,0,0,2,104725,0,George Hawkins,17,28,104725,669,0,0,1,Manurewa,050,351,35145,Tau,Henare,45,New Zealand First,2,0,1,0,0,1,1,0,0,0,0,0,0,1607,0,0,0,0,101908,1,Tau Henare,17,1607,101908,1201,1,0,0,ZTe Tai Tokerau,151,106,10645,Gavan,Herlihy,45,National,1,0,0,0,1,0,0,0,0,0,0,0,24,16,0,0,0,0,62673,1,Gavan Herlihy,17,16,62673,199,1,0,0,Otago,052,314,31445,Rodney,Hide,45,ACT,1,0,0,1,0,0,0,2,2,2,0,2,53,44,0,0,0,0,113074,0,Rodney Hide,17,44,113074,1434,1,0,0,Auckland Central,053,221,22145,Marian,Hobbs,45,Labour,1,0,0,1,0,0,0,0,0,0,1,1,10,233,0,0,0,0,148796,0,Marian Hobbs,17,233,148796,571,1,0,0,Kaikoura,054,277,27745,Pete,Hodgson,45,Labour,3,0,0,0,1,0,0,0,0,0,1,1,32,48,0,0,0,1,179078,0,Pete Hodgson,17,48,179078,853,1,0,0,Dunedin North,055,179,17945,Jonathan,Hunt,45,Labour,11,0,0,1,0,0,0,0,0,0,0,0,4,45,0,0,0,1,98225,0,Jonathan Hunt,17,45,98225,971,1,0,0,Tamaki,056,261,26145,Owen,Jennings,45,ACT,1,0,0,1,0,0,0,2,1,2,3,4,17,39,0,0,0,1,111180,0,Owen Jennings,17,39,111180,358,1,0,0,West Coast-Tasman,057,184,18445,Judy,Keall,45,Labour,4,0,0,0,1,0,0,0,0,0,0,0,3,28,0,0,0,1,129945,0,Judy Keall,17,28,129945,635,0,0,1,Otaki,058,120,12045,Graham,Kelly,45,Labour,4,0,0,0,1,0,0,0,1,1,0,1,15,84,0,0,0,0,144581,0,Graham Kelly,17,84,144581,527,1,0,0,Mana,059,93,9345,Doug,Kidd,45,National,7,0,0,0,1,0,0,0,0,0,0,0,0,3,0,0,0,0,1871,1,Doug Kidd,17,3,1871,7,1,0,0,Kaikoura,060,15,1545,Annette,King,45,Labour,4,0,0,0,1,0,0,0,0,0,0,0,100,55,0,0,0,2,189181,0,Annette King,17,55,189181,1100,1,0,0,Rongotai,061,256,25645,Neil,Kirton,45,New Zealand First,1,0,1,1,0,0,0,0,0,0,0,0,10,32,0,0,0,1,80753,1,Neil Kirton,17,32,80753,400,1,0,0,Hamilton West,062,2,245,Alamein,Kopu,45,Alliance,1,0,0,1,0,0,1,1,9,9,12,12,17,2009,0,0,0,0,7682,0,Alamein Kopu,17,2009,7682,66,1,0,0,ZTe Tai Rawhiti,163,369,36945,Warren,Kyd,45,National,4,0,0,0,1,0,0,0,0,0,0,0,36,22,0,0,0,0,91991,1,Warren Kyd,17,22,91991,372,1,0,0,Hunua,064,328,32845,Sandra,Lee,45,Alliance,2,0,0,1,0,0,1,8,6,10,10,12,28,1377,0,0,0,2,138022,0,Sandra Lee,17,1377,138022,578,1,0,0,Auckland Central,065,173,17345,John,Luxton,45,National,4,0,0,0,1,0,0,0,0,0,0,0,0,51,0,0,0,0,142944,1,John Luxton,17,51,142944,813,1,0,0,Karapiro,066,148,14845,Janet,Mackey,45,Labour,2,0,0,0,1,0,0,0,0,0,0,0,11,132,0,0,0,0,113938,0,Janet Mackey,17,132,113938,347,1,0,0,Mahia,067,341,34145,Steve,Maharey,45,Labour,3,0,0,0,1,0,0,2,2,3,1,3,70,96,0,0,0,2,270035,0,Steve Maharey,17,96,270035,999,0,0,1,Palmerston North,068,253,25345,Nanaia,Mahuta,45,Labour,1,0,0,1,0,0,1,1,3,3,1,3,4,3593,0,0,0,0,85162,0,Nanaia Mahuta,17,3593,85162,152,1,0,0,ZTe Tai Hauauru,169,361,36145,Trevor,Mallard,45,Labour,4,0,0,0,1,0,0,4,1,5,1,5,85,241,0,0,0,2,314024,0,Trevor Mallard,17,241,314024,3899,0,0,1,Hutt South,070,371,37145,Wayne,Mapp,45,National,1,0,0,0,1,0,0,0,0,0,0,0,61,73,0,0,0,0,106933,1,Wayne Mapp,17,73,106933,638,1,0,0,North Shore,071,319,31945,Ron,Mark,45,New Zealand First,1,0,1,1,0,0,1,0,2,2,3,4,33,97,0,0,0,0,96179,1,Ron Mark,17,97,96179,648,1,0,0,Christchurch Central,072,83,8345,Denis,Marshall,45,National,5,0,0,0,1,0,0,0,0,0,0,0,10,75,0,0,0,0,49760,1,Denis Marshall,17,75,49760,177,1,0,0,Rangitikei,073,316,31645,Roger,Maxwell,45,National,5,0,0,1,0,0,0,0,0,0,1,1,15,28,0,0,0,0,56415,1,Roger Maxwell,17,28,56415,153,1,0,0,New Plymouth,074,282,28245,Peter,Mccardle,45,New Zealand First,3,0,1,1,0,0,0,0,0,0,0,0,0,7,0,0,0,0,52065,1,Peter Mccardle,17,7,52065,201,1,0,0,Rimutaka,075,250,25045,Murray,Mccully,45,National,4,0,0,0,1,0,0,0,0,0,0,0,0,12,0,0,0,0,58000,1,Murray Mccully,17,12,58000,358,1,0,0,Albany,076,312,31245,Robyn,Mcdonald,45,New Zealand First,1,0,1,1,0,0,0,0,0,0,0,0,3,138,0,0,0,0,84436,1,Robyn Mcdonald,17,138,84436,278,1,0,0,Coromandel,077,90,9045,Don,Mckinnon,45,National,7,0,0,1,0,0,0,0,0,0,0,0,0,19,0,0,0,0,55955,1,Don Mckinnon,17,19,55955,343,0,1,0,ZZ_List only,078,181,18145,Joy,Mclauchlan,45,National,3,0,0,1,0,0,0,0,0,0,0,0,35,42,0,0,0,1,103733,1,Joy Mclauchlan,17,42,103733,382,1,0,0,Hutt South,079,251,25145,Murray,Mclean,45,National,1,0,0,0,1,0,0,0,1,1,1,1,17,9,0,0,0,0,32775,1,Murray Mclean,17,9,32775,132,0,0,1,Coromandel,080,243,24345,Mike,Moore,45,Labour,8,0,0,0,1,0,0,0,1,1,1,2,17,28,0,0,0,1,76228,0,Mike Moore,17,28,76228,537,0,0,1,Waimakariri,081,366,36645,Tuku,Morgan,45,New Zealand First,1,0,1,0,0,1,1,5,5,7,5,9,17,5636,0,0,0,1,73486,1,Tuku Morgan,17,5636,73486,303,1,0,0,ZTe Tai Hauauru,182,82,8245,Deborah,Morris,45,New Zealand First,1,0,1,1,0,0,0,0,0,0,0,0,3,22,0,0,0,0,35606,1,Deborah Morris,17,22,35606,153,1,0,0,Hutt South,083,116,11645,Gilbert,Myles,45,New Zealand First,2,0,1,1,0,0,0,0,0,0,0,0,5,7,0,0,0,0,19184,1,Gilbert Myles,17,7,19184,108,1,0,0,Maungakiekie,084,36,3645,Brian,Neeson,45,National,3,0,0,0,1,0,0,0,0,0,0,0,15,13,0,0,0,1,40169,1,Brian Neeson,17,13,40169,257,1,0,0,Waipareira,085,3,345,Alec,Neill,45,National,3,0,0,1,0,0,0,0,0,0,0,0,10,6,0,0,0,1,16960,1,Alec Neill,17,6,16960,107,0,1,0,ZZ_List only,086,249,24945,Muriel,Newman,45,ACT,1,0,0,1,0,0,0,0,1,1,0,1,34,36,0,0,0,0,92412,0,Muriel Newman,17,36,92412,263,1,0,0,Whangarei,087,64,6445,Damien,O'Connor,45,Labour,2,0,0,0,1,0,0,0,0,0,0,0,1,118,0,0,0,0,159932,0,Damien O'Connor,17,118,159932,491,1,0,0,West Coast-Tasman,088,189,18945,Katherine,O'Regan,45,National,5,0,0,1,0,0,0,0,0,0,0,0,22,59,0,0,0,1,69645,1,Katherine O'Regan,17,59,69645,360,1,0,0,Tauranga,089,227,22745,Mark,Peck,45,Labour,2,0,0,0,1,0,0,0,0,0,0,0,12,136,0,0,0,1,277759,0,Mark Peck,17,136,277759,1246,1,0,0,Invercargill,090,375,37545,Winston,Peters,45,New Zealand First,6,0,1,0,1,0,1,0,0,0,0,0,28,200,0,0,0,0,253416,1,Winston Peters,17,200,253416,2600,1,0,0,Tauranga,091,156,15645,Jill,Pettis,45,Labour,2,0,0,0,1,0,1,0,0,0,0,0,13,65,0,0,0,2,80773,0,Jill Pettis,17,65,80773,467,1,0,0,Whanganui,092,302,30245,Richard,Prebble,45,ACT,7,0,0,0,1,0,0,2,2,3,2,4,22,68,0,0,0,4,147190,0,Richard Prebble,17,68,147190,1139,1,0,0,Wellington Central,093,87,8745,Derek,Quigley,45,ACT,4,0,0,1,0,0,0,0,1,1,2,2,7,25,0,1,1,1,79093,0,Derek Quigley,17,25,79093,303,1,0,0,North Shore,094,140,14045,Ian,Revell,45,National,3,0,0,0,1,0,0,0,0,0,0,0,5,4,0,0,0,0,20025,1,Ian Revell,17,4,20025,72,1,0,0,Northcote,095,321,32145,Ross,Robertson,45,Labour,4,0,0,0,1,0,0,0,0,0,0,0,5,25,0,0,0,1,79375,0,Ross Robertson,17,25,79375,257,0,0,1,Manukau East,096,230,23045,Matt,Robson,45,Alliance,1,0,0,1,0,0,0,0,0,0,0,0,16,61,0,0,0,1,178658,0,Matt Robson,17,61,178658,393,1,0,0,Maungakiekie,097,99,9945,Eric,Roy,45,National,2,0,0,1,0,0,0,0,0,0,0,0,33,16,0,0,0,1,69992,1,Eric Roy,17,16,69992,411,1,0,0,Invercargill,098,357,35745,Tony,Ryall,45,National,3,0,0,0,1,0,0,0,0,0,0,0,1,103,0,0,0,0,150919,1,Tony Ryall,17,103,150919,1085,1,0,0,Bay of Plenty,099,96,9645,Dover,Samuels,45,Labour,1,0,0,1,0,0,1,12,14,16,9,16,18,4711,0,0,0,0,106199,0,Dover Samuels,17,4711,106199,473,0,1,0,ZZ_List only,0100,265,26545,Patricia,Schnauer,45,ACT,1,0,0,1,0,0,0,1,2,3,2,3,26,13,0,0,0,1,155272,0,Patricia Schnauer,17,13,155272,593,0,1,0,ZZ_List only,0101,154,15445,Jenny,Shipley,45,National,4,0,0,0,1,0,0,0,0,0,0,0,0,55,0,0,0,0,200360,1,Jenny Shipley,17,55,200360,1580,1,0,0,Rakaia,0102,194,19445,Ken,Shirley,45,ACT,3,0,0,1,0,0,0,0,5,5,8,10,31,176,0,0,0,0,139200,0,Ken Shirley,17,176,139200,819,1,0,0,Ohariu Belmont,0103,29,2945,Bob,Simcock,45,National,1,0,0,0,1,0,0,0,0,0,0,0,31,15,0,0,0,1,76213,1,Bob Simcock,17,15,76213,358,1,0,0,Hamilton West,0104,57,5745,Clem,Simich,45,National,3,0,0,0,1,0,1,0,0,0,0,0,16,23,0,0,0,0,62531,1,Clem Simich,17,23,62531,456,1,0,0,Tamaki,0105,257,25745,Nick,Smith,45,National,3,0,0,0,1,0,0,0,0,0,0,0,0,125,0,0,0,2,132423,1,Nick Smith,17,125,132423,935,1,0,0,Nelson,0106,209,20945,Lockwood,Smith,45,National,5,0,0,0,1,0,0,0,0,0,0,0,0,5,0,0,0,0,46842,1,Lockwood Smith,17,5,46842,240,1,0,0,Rodney,0107,318,31845,Roger,Sowry,45,National,3,0,0,1,0,0,0,0,0,0,0,0,0,103,0,0,0,0,133958,1,Roger Sowry,17,103,133958,1136,1,0,0,Otaki,0108,358,35845,Tony,Steel,45,National,2,0,0,0,1,0,0,0,0,0,1,1,59,56,0,0,0,1,49241,1,Tony Steel,17,56,49241,336,1,0,0,Hamilton East,0109,204,20445,Larry,Sutherland,45,Labour,4,0,0,0,1,0,0,0,0,0,0,0,2,7,0,0,0,1,89331,0,Larry Sutherland,17,7,89331,253,0,0,1,Christchurch East,0110,162,16245,Jim,Sutton,45,Labour,4,0,0,0,1,0,0,4,6,8,7,9,45,215,0,0,0,1,192347,0,Jim Sutton,17,215,192347,851,1,0,0,Aoraki,0111,272,27245,Paul,Swain,45,Labour,3,0,0,0,1,0,0,0,0,0,0,0,8,71,0,0,0,1,204423,0,Paul Swain,17,71,204423,1121,0,0,1,Rimutaka,0112,112,11245,Georgina,Te Heuheu,45,National,1,0,0,1,0,0,1,0,2,2,1,2,8,591,0,0,0,0,67781,1,Georgina Te Heuheu,17,591,67781,234,0,1,0,ZZ_List only,0113,183,18345,Judith,Tizard,45,Labour,3,0,0,0,1,0,0,0,0,0,0,0,2,119,0,0,0,2,117805,0,Judith Tizard,17,119,117805,412,1,0,0,Auckland Central,0114,350,35045,Tariana,Turia,45,Labour,1,0,0,1,0,0,1,1,2,2,0,2,2,836,0,0,0,0,25970,0,Tariana Turia,17,836,25970,67,0,1,0,ZZ_List only,0115,335,33545,Simon,Upton,45,National,6,0,0,1,0,0,0,0,0,0,0,0,0,17,0,0,0,0,52705,1,Simon Upton,17,17,52705,244,0,1,0,ZZ_List only,0116,20,2045,Belinda,Vernon,45,National,1,0,0,0,1,0,0,0,1,1,0,1,64,146,0,0,0,2,92260,1,Belinda Vernon,17,146,92260,403,1,0,0,Maungakiekie,0117,298,29845,Rana,Waitai,45,New Zealand First,1,0,1,0,0,1,1,2,3,4,1,4,21,1522,0,0,0,0,59852,1,Rana Waitai,17,1522,59852,219,1,0,0,ZTe Puke O Te Whenua,1118,157,15745,Jill,White,45,Labour,2,0,0,1,0,0,0,0,0,0,0,0,5,15,0,0,0,0,66553,0,Jill White,17,15,66553,202,1,0,0,Rangitikei,0119,232,23245,Maurice,Williamson,45,National,4,0,0,0,1,0,0,0,0,0,0,0,0,125,0,0,0,0,177097,1,Maurice Williamson,17,125,177097,1352,1,0,0,Pakuranga,0120,263,26345,Pansy,Wong,45,National,1,0,0,1,0,0,0,0,0,0,1,1,16,19,0,0,0,1,30888,1,Pansy Wong,17,19,30888,144,0,1,0,ZZ_List only,0121,94,9445,Doug,Woolerton,45,New Zealand First,1,0,1,1,0,0,0,0,0,0,0,0,35,13,0,0,0,1,28993,1,Doug Woolerton,17,13,28993,219,1,0,0,Hamilton East,0122,177,17745,John,Wright,45,Alliance,1,0,0,1,0,0,0,0,0,0,0,0,15,60,0,0,0,1,218343,0,John Wright,17,60,218343,808,1,0,0,Waimakariri,0123,364,36445,Tu,Wyllie,45,New Zealand First,1,0,1,0,0,1,1,0,2,2,0,2,7,3639,0,0,0,0,62485,1,Tu Wyllie,17,3639,62485,183,1,0,0,ZTe Tai Tonga,1124,88,8845,Dianne,Yates,45,Labour,2,0,0,1,0,0,0,0,0,0,0,0,0,62,0,0,0,3,165928,0,Dianne Yates,17,62,165928,445,1,0,0,Hamilton East,0125,12,1245,Annabel,Young,45,National,1,0,0,1,0,0,0,0,0,0,0,0,31,35,0,0,0,1,43194,1,Annabel Young,17,35,43194,283,0,1,0,ZZ_List only,0126,16,1646,Arthur,Anae,46,National,2,0,0,1,0,0,0,0,0,0,0,0,1,21,0,0,0,0,27353,0,Arthur Anae,17,21,27353,143,0,1,0,ZZ_List only,0127,158,15846,Jim,Anderton,46,Alliance,6,0,0,0,1,0,0,0,0,0,0,0,0,61,0,0,0,0,156328,1,Jim Anderton,17,61,156328,1244,1,0,0,Wigram,0128,330,33046,Shane,Ardern,46,National,2,0,0,0,1,0,0,0,0,0,0,0,2,58,0,0,0,0,65027,0,Shane Ardern,17,58,65027,215,1,0,0,Taranaki-King Country,0129,91,9146,Donna,Awatere Huata,46,ACT,2,0,0,1,0,0,1,0,1,1,0,1,9,296,0,0,0,0,56586,0,Donna Awatere Huata,17,296,56586,275,1,0,0,Auckland Central,0130,305,30546,Rick,Barker,46,Labour,3,0,0,0,1,0,0,0,0,0,0,0,7,22,0,0,0,0,63899,1,Rick Barker,17,22,63899,811,1,0,0,Tukituki,0131,353,35346,Tim,Barnett,46,Labour,2,0,0,0,1,0,0,0,0,0,0,0,12,10,0,0,0,2,33416,1,Tim Barnett,17,10,33416,126,0,0,1,Christchurch Central,0132,70,7046,David,Benson-Pope,46,Labour,1,0,0,0,1,0,0,0,0,0,0,0,42,49,0,0,0,0,34158,1,David Benson-Pope,17,49,34158,358,1,0,0,Dunedin South,0133,111,11146,Georgina,Beyer,46,Labour,1,0,0,0,1,0,1,2,2,2,2,2,21,39,0,0,0,0,20531,1,Georgina Beyer,17,39,20531,144,1,0,0,Wairarapa,0134,345,34546,Sue,Bradford,46,Green,1,0,0,1,0,0,0,1,1,1,0,1,27,195,0,0,0,1,105804,0,Sue Bradford,17,195,105804,425,1,0,0,Rodney,0135,233,23346,Max,Bradford,46,National,4,0,0,1,0,0,0,0,0,0,1,1,77,15,0,0,0,0,110942,0,Max Bradford,17,15,110942,1160,1,0,0,Rotorua,0136,107,10746,Geoff,Braybrooke,46,Labour,7,0,0,0,1,0,0,0,0,0,0,0,2,1,0,0,0,0,8768,1,Geoff Braybrooke,17,1,8768,37,0,0,1,Napier,0137,278,27846,Peter,Brown,46,New Zealand First,2,0,1,1,0,0,0,0,0,0,0,0,22,18,0,0,0,0,140455,0,Peter Brown,17,18,140455,805,1,0,0,Bay of Plenty,0138,114,11446,Gerry,Brownlee,46,National,2,0,0,0,1,0,0,0,1,1,1,1,57,63,0,0,0,0,184446,0,Gerry Brownlee,17,63,184446,1978,1,0,0,Ilam,0139,291,29146,Phillida,Bunkle,46,Alliance,2,0,0,1,0,0,0,0,0,0,0,0,8,23,0,0,0,0,54107,1,Phillida Bunkle,17,23,54107,345,0,1,0,ZZ_List only,0140,224,22446,Mark,Burton,46,Labour,3,0,0,0,1,0,0,0,0,0,0,0,0,30,0,0,0,0,97351,1,Mark Burton,17,30,97351,1277,1,0,0,Taupo,0141,198,19846,Kevin,Campbell,46,Alliance,1,0,0,1,0,0,0,0,0,0,0,0,33,25,0,0,0,1,65020,1,Kevin Campbell,17,25,65020,284,1,0,0,Taranaki-King Country,0142,47,4746,Chris,Carter,46,Labour,1,0,0,0,1,0,0,0,0,0,0,0,37,49,0,0,0,0,55373,1,Chris Carter,17,49,55373,884,1,0,0,Te Atatu,0143,169,16946,John,Carter,46,National,5,0,0,0,1,0,0,0,0,0,0,0,3,40,0,0,0,1,129107,0,John Carter,17,40,129107,1283,1,0,0,Northland,0144,72,7246,David,Carter,46,National,3,0,0,1,0,0,0,0,0,0,0,0,14,15,0,0,0,0,149536,0,David Carter,17,15,149536,928,1,0,0,Banks Peninsula,0145,340,34046,Steve,Chadwick,46,Labour,1,0,0,0,1,0,0,0,0,0,0,0,27,98,0,0,0,1,47567,1,Steve Chadwick,17,98,47567,295,1,0,0,Rotorua,0146,130,13046,Helen,Clark,46,Labour,7,0,0,0,1,0,0,0,0,0,0,0,0,84,0,0,0,0,86142,1,Helen Clark,17,84,86142,1094,1,0,0,Mt Albert,0147,56,5646,Clayton,Cosgrove,46,Labour,1,0,0,0,1,0,0,0,0,0,0,0,24,18,0,0,0,1,44508,1,Clayton Cosgrove,17,18,44508,437,0,0,1,Waimakariri,0148,376,37646,Wyatt,Creech,46,National,5,0,0,1,0,0,0,1,7,7,7,10,56,52,0,0,0,1,100329,0,Wyatt Creech,17,52,100329,716,0,1,0,ZZ_List only,0149,240,24046,Michael,Cullen,46,Labour,7,0,0,1,0,0,0,0,0,0,0,0,0,150,0,0,0,0,338671,1,Michael Cullen,17,150,338671,3853,0,1,0,ZZ_List only,0150,76,7646,David,Cunliffe,46,Labour,1,0,0,0,1,0,0,0,0,0,0,0,29,78,0,0,0,0,77242,1,David Cunliffe,17,78,77242,457,1,0,0,Titirangi,0151,206,20646,Lianne,Dalziel,46,Labour,4,0,0,0,1,0,0,0,0,0,0,0,0,17,0,0,0,0,76550,1,Lianne Dalziel,17,17,76550,785,1,0,0,Christchurch East,0152,313,31346,Rod,Donald,46,Green,2,0,0,1,0,0,0,0,0,0,1,1,23,49,0,0,0,1,164013,0,Rod Donald,17,49,164013,777,1,0,0,Banks Peninsula,0153,35,3546,Brian,Donnelly,46,New Zealand First,2,0,1,1,0,0,0,1,3,3,4,6,17,227,0,0,0,1,128152,0,Brian Donnelly,17,227,128152,515,1,0,0,Whangarei,0154,131,13146,Helen,Duncan,46,Labour,2,0,0,1,0,0,0,0,0,0,0,0,67,18,0,0,0,1,32944,1,Helen Duncan,17,18,32944,362,1,0,0,North Shore,0155,279,27946,Peter,Dunne,46,United,6,0,0,0,1,0,0,0,0,0,1,1,31,25,0,0,0,2,102842,0,Peter Dunne,17,25,102842,604,1,0,0,Ohariu Belmont,0156,127,12746,Harry,Duynhoven,46,Labour,4,0,0,0,1,0,0,0,0,0,0,0,35,3,0,0,0,1,35845,1,Harry Duynhoven,17,3,35845,342,1,0,0,New Plymouth,0157,325,32546,Ruth,Dyson,46,Labour,3,0,0,0,1,0,0,0,0,0,0,0,3,11,0,0,0,0,59005,1,Ruth Dyson,17,11,59005,499,1,0,0,Banks Peninsula,0158,115,11546,Gerry,Eckhoff,46,ACT,1,0,0,1,0,0,0,0,0,0,0,0,6,35,0,0,0,2,83361,0,Gerry Eckhoff,17,35,83361,326,1,0,0,Otago,0159,24,2446,Bill,English,46,National,4,0,0,0,1,0,0,0,4,4,3,4,162,41,0,0,0,0,153848,0,Bill English,17,41,153848,1312,1,0,0,Clutha-Southland,0160,136,13646,Ian,Ewen-Street,46,Green,1,0,0,1,0,0,0,0,0,0,0,0,20,79,0,0,0,0,51102,0,Ian Ewen-Street,17,79,51102,352,1,0,0,Kaikoura,0161,349,34946,Taito Phillip,Field,46,Labour,3,0,0,0,1,0,0,0,0,0,0,0,43,42,0,0,0,0,46372,1,Taito Phillip Field,17,42,46372,286,1,0,0,Mangere,0162,149,14946,Jeanette,Fitzsimons,46,Green,2,0,0,0,1,0,0,0,0,0,0,0,44,74,0,0,0,3,104048,0,Jeanette Fitzsimons,17,74,104048,395,1,0,0,Coromandel,0163,339,33946,Stephen,Franks,46,ACT,1,0,0,1,0,0,0,0,1,1,1,1,28,77,0,0,0,1,249433,0,Stephen Franks,17,77,249433,787,1,0,0,Rongotai,0164,228,22846,Martin,Gallagher,46,Labour,1,0,0,0,1,0,0,0,0,0,0,0,20,17,0,0,0,0,50449,1,Martin Gallagher,17,17,50449,206,0,0,1,Hamilton West,0165,122,12246,Grant,Gillon,46,Alliance,2,0,0,1,0,0,0,0,1,1,0,1,33,20,0,0,0,1,63255,1,Grant Gillon,17,20,63255,689,1,0,0,Northcote,0166,286,28646,Phil,Goff,46,Labour,6,0,0,0,1,0,0,0,0,0,0,0,0,71,0,0,0,0,157958,1,Phil Goff,17,71,157958,1279,1,0,0,Mt Roskill,0167,208,20846,Liz,Gordon,46,Alliance,2,0,0,1,0,0,0,0,0,0,0,0,12,21,0,0,0,0,49372,1,Liz Gordon,17,21,49372,347,1,0,0,Christchurch Central,0168,225,22546,Mark,Gosche,46,Labour,2,0,0,0,1,0,0,0,0,0,0,0,0,36,0,0,0,0,74321,1,Mark Gosche,17,36,74321,584,1,0,0,Maungakiekie,0169,202,20246,Laila,Harre,46,Alliance,1,0,0,1,0,0,0,0,0,0,0,0,0,2,0,0,0,0,58153,1,Laila Harre,17,2,58153,295,1,0,0,Te Atatu,0170,11,1146,Ann,Hartley,46,Labour,1,0,0,0,1,0,0,0,0,0,0,0,24,24,0,0,0,0,18452,1,Ann Hartley,17,24,18452,133,1,0,0,Northcote,0171,222,22246,Marie,Hasler,46,National,3,0,0,1,0,0,0,0,0,0,0,0,9,24,0,0,0,0,83253,0,Marie Hasler,17,24,83253,336,0,1,0,List,0172,164,16446,Joe,Hawke,46,Labour,2,0,0,1,0,0,1,0,0,0,0,0,3,147,0,0,0,0,10299,1,Joe Hawke,17,147,10299,88,0,1,0,ZZ_List only,0173,110,11046,George,Hawkins,46,Labour,4,0,0,0,1,0,0,0,0,0,0,0,0,12,0,0,0,0,44338,1,George Hawkins,17,12,44338,625,0,0,1,Manurewa,0174,287,28746,Phil,Heatley,46,National,1,0,0,0,1,0,0,0,0,0,0,0,5,9,0,0,0,0,69031,0,Phil Heatley,17,9,69031,207,1,0,0,Whangarei,0175,106,10646,Gavan,Herlihy,46,National,2,0,0,0,1,0,0,0,0,0,0,0,4,12,0,0,0,0,82663,0,Gavan Herlihy,17,12,82663,221,1,0,0,Otago,0176,314,31446,Rodney,Hide,46,ACT,2,0,0,1,0,0,0,1,2,3,3,4,71,98,0,1,1,3,250562,0,Rodney Hide,17,98,250562,2685,1,0,0,Epsom,0177,221,22146,Marian,Hobbs,46,Labour,2,0,0,0,1,0,0,0,0,0,0,0,0,40,0,0,0,2,65816,1,Marian Hobbs,17,40,65816,648,1,0,0,Wellington Central,0178,277,27746,Pete,Hodgson,46,Labour,4,0,0,0,1,0,0,0,0,0,0,0,0,44,0,0,0,0,104128,1,Pete Hodgson,17,44,104128,827,1,0,0,Dunedin North,0179,264,26446,Parekura,Horomia,46,Labour,1,0,0,0,0,1,1,0,0,0,0,0,0,1782,0,0,0,1,40358,1,Parekura Horomia,17,1782,40358,445,1,0,0,ZIkaroa Rawhiti,1180,179,17946,Jonathan,Hunt,46,Labour,12,0,0,1,0,0,0,0,0,0,0,0,0,3,0,0,0,0,1995,1,Jonathan Hunt,17,3,1995,5,1,0,0,Waitakere,0181,270,27046,Paul,Hutchison,46,National,1,0,0,0,1,0,0,0,0,0,1,1,22,51,0,0,0,0,90339,0,Paul Hutchison,17,51,90339,358,1,0,0,Port Waikato,0182,373,37346,Willie,Jackson,46,Alliance,1,0,0,1,0,0,1,0,0,0,0,0,9,1594,0,0,0,1,53081,1,Willie Jackson,17,1594,53081,392,1,0,0,ZHauraki,1183,261,26146,Owen,Jennings,46,ACT,2,0,0,1,0,0,0,1,0,1,0,1,17,39,0,0,0,3,118746,0,Owen Jennings,17,39,118746,452,1,0,0,Taranaki-King Country,0184,184,18446,Judy,Keall,46,Labour,5,0,0,0,1,0,0,0,0,0,0,0,38,30,0,0,0,1,41438,1,Judy Keall,17,30,41438,421,1,0,0,Otaki,0185,346,34646,Sue,Kedgley,46,Green,1,0,0,1,0,0,0,0,2,2,0,2,45,31,0,0,0,0,93090,0,Sue Kedgley,17,31,93090,513,0,1,0,ZZ_List only,0186,120,12046,Graham,Kelly,46,Labour,5,0,0,0,1,0,0,0,0,0,0,0,51,1,0,0,0,1,49926,1,Graham Kelly,17,1,49926,434,1,0,0,Mana,0187,93,9346,Doug,Kidd,46,National,8,0,0,1,0,0,0,2,0,2,2,2,2,256,0,0,0,0,117039,0,Doug Kidd,17,256,117039,402,0,1,0,ZZ_List only,0188,15,1546,Annette,King,46,Labour,5,0,0,0,1,0,0,0,0,0,0,0,0,30,0,0,0,0,119324,1,Annette King,17,30,119324,1497,1,0,0,Rongotai,0189,369,36946,Warren,Kyd,46,National,5,0,0,0,1,0,0,0,0,0,0,0,1,45,0,0,0,0,141472,0,Warren Kyd,17,45,141472,398,0,0,1,Hunua,0190,374,37446,Winnie,Laban,46,Labour,1,0,0,1,0,0,0,0,1,1,2,3,20,80,0,0,0,0,15890,1,Winnie Laban,17,80,15890,108,0,1,0,ZZ_List only,0191,328,32846,Sandra,Lee,46,Alliance,1,0,0,1,0,0,1,0,0,0,0,0,0,286,0,0,0,0,89025,1,Sandra Lee,17,286,89025,544,1,0,0,Auckland Central,0192,192,19246,Keith,Locke,46,Green,1,0,0,1,0,0,0,0,0,0,0,0,31,49,0,0,0,2,106588,0,Keith Locke,17,49,106588,430,0,1,0,ZZ_List only,0193,173,17346,John,Luxton,46,National,5,0,0,1,0,0,0,0,0,0,0,0,22,144,0,0,0,0,211959,0,John Luxton,17,144,211959,793,0,1,0,ZZ_List only,0194,148,14846,Janet,Mackey,46,Labour,3,0,0,0,1,0,0,0,0,0,1,1,33,16,0,0,0,1,23198,1,Janet Mackey,17,16,23198,206,1,0,0,East Coast,0195,341,34146,Steve,Maharey,46,Labour,4,0,0,0,1,0,0,0,0,0,0,0,0,59,0,0,0,0,163062,1,Steve Maharey,17,59,163062,1561,1,0,0,Palmerston North,0196,253,25346,Nanaia,Mahuta,46,Labour,2,0,0,0,0,1,1,0,4,4,1,4,33,376,0,0,0,1,20833,1,Nanaia Mahuta,17,376,20833,146,1,0,0,ZTe Tai Hauauru,1197,361,36146,Trevor,Mallard,46,Labour,5,0,0,0,1,0,0,0,0,0,0,0,1,155,0,0,0,0,164695,1,Trevor Mallard,17,155,164695,2694,1,0,0,Hutt South,0198,371,37146,Wayne,Mapp,46,National,2,0,0,0,1,0,0,0,1,1,1,2,25,167,0,0,0,1,171816,0,Wayne Mapp,17,167,171816,838,1,0,0,North Shore,0199,319,31946,Ron,Mark,46,New Zealand First,2,0,1,1,0,0,1,0,1,1,3,4,30,135,0,0,0,0,154103,0,Ron Mark,17,135,154103,871,1,0,0,Waimakariri,0200,250,25046,Murray,Mccully,46,National,5,0,0,0,1,0,0,14,7,15,14,19,76,52,0,0,0,0,61775,0,Murray Mccully,17,52,61775,424,0,0,1,Albany,0201,90,9046,Don,Mckinnon,46,National,8,0,0,1,0,0,0,0,0,0,0,0,0,2,0,0,0,0,5327,0,Don Mckinnon,17,2,5327,8,0,1,0,ZZ_List only,0202,36,3646,Brian,Neeson,46,National,4,0,0,0,1,0,0,0,0,0,0,0,5,27,0,0,0,1,55374,0,Brian Neeson,17,27,55374,303,1,0,0,Waitakere,0203,3,346,Alec,Neill,46,National,4,0,0,1,0,0,0,1,1,1,0,1,3,30,0,0,0,0,83317,0,Alec Neill,17,30,83317,384,0,1,0,ZZ_List only,0204,249,24946,Muriel,Newman,46,ACT,2,0,0,1,0,0,0,1,6,6,2,6,40,32,0,0,0,3,160071,0,Muriel Newman,17,32,160071,677,1,0,0,Whangarei,0205,64,6446,Damien,O'Connor,46,Labour,3,0,0,0,1,0,0,0,0,0,0,0,38,6,0,0,0,1,35346,1,Damien O'Connor,17,6,35346,251,0,0,1,West Coast-Tasman,0206,215,21546,Mahara,Okeroa,46,Labour,1,0,0,0,0,1,1,1,4,4,5,8,19,1729,0,0,0,0,20505,1,Mahara Okeroa,17,1729,20505,176,0,0,1,ZTe Tai Tonga,1207,227,22746,Mark,Peck,46,Labour,3,0,0,0,1,0,0,0,0,0,0,0,66,9,0,0,0,0,84772,1,Mark Peck,17,9,84772,603,1,0,0,Invercargill,0208,375,37546,Winston,Peters,46,New Zealand First,7,0,1,0,1,0,1,0,5,5,11,13,77,240,0,0,0,2,236503,0,Winston Peters,17,240,236503,2427,1,0,0,Tauranga,0209,156,15646,Jill,Pettis,46,Labour,3,0,0,0,1,0,1,0,0,0,0,0,17,4,0,0,0,3,12313,1,Jill Pettis,17,4,12313,168,1,0,0,Whanganui,0210,334,33446,Simon,Power,46,National,1,0,0,0,1,0,0,0,0,0,0,0,21,60,0,0,0,1,96412,0,Simon Power,17,60,96412,499,1,0,0,Rangitikei,0211,302,30246,Richard,Prebble,46,ACT,8,0,0,1,0,0,0,7,7,10,5,13,67,111,0,0,0,1,349229,0,Richard Prebble,17,111,349229,2831,1,0,0,Wellington Central,0212,190,19046,Katherine,Rich,46,National,1,0,0,1,0,0,0,9,7,9,7,9,19,34,0,0,0,0,61382,0,Katherine Rich,17,34,61382,165,1,0,0,Dunedin North,0213,246,24646,Mita,Ririnui,46,Labour,1,0,0,0,0,1,1,5,6,6,3,7,13,2601,0,0,0,0,35614,1,Mita Ririnui,17,2601,35614,208,1,0,0,ZWaiariki,1214,321,32146,Ross,Robertson,46,Labour,5,0,0,0,1,0,0,0,0,0,0,0,38,42,0,0,0,0,14656,1,Ross Robertson,17,42,14656,207,0,0,1,Manukau East,0215,230,23046,Matt,Robson,46,Alliance,2,0,0,1,0,0,0,0,0,0,0,0,0,54,0,0,0,0,89266,1,Matt Robson,17,54,89266,577,1,0,0,Maungakiekie,0216,99,9946,Eric,Roy,46,National,3,0,0,1,0,0,0,0,0,0,0,0,4,35,0,0,0,1,53171,0,Eric Roy,17,35,53171,197,1,0,0,Invercargill,0217,357,35746,Tony,Ryall,46,National,4,0,0,0,1,0,0,1,1,2,5,7,86,130,0,0,0,1,234650,0,Tony Ryall,17,130,234650,1406,1,0,0,Bay of Plenty,0218,96,9646,Dover,Samuels,46,Labour,2,0,0,0,0,1,1,0,0,0,1,1,5,1850,0,0,0,0,28863,1,Dover Samuels,17,1850,28863,228,1,0,0,ZTe Tai Tokerau,1219,212,21246,Lynda,Scott,46,National,1,0,0,0,1,0,0,0,1,1,0,1,38,14,0,0,0,0,98793,0,Lynda Scott,17,14,98793,419,1,0,0,Kaikoura,0220,154,15446,Jenny,Shipley,46,National,5,0,0,0,1,0,0,0,6,6,6,9,84,72,0,1,1,1,134006,0,Jenny Shipley,17,72,134006,706,1,0,0,Rakaia,0221,194,19446,Ken,Shirley,46,ACT,4,0,0,1,0,0,0,0,2,2,1,2,41,113,0,0,0,1,187878,0,Ken Shirley,17,113,187878,1328,0,1,0,ZZ_List only,0222,29,2946,Bob,Simcock,46,National,2,0,0,1,0,0,0,0,3,3,2,5,26,27,0,0,0,1,114289,0,Bob Simcock,17,27,114289,435,1,0,0,Hamilton West,0223,57,5746,Clem,Simich,46,National,4,0,0,0,1,0,1,0,0,0,0,0,0,0,0,0,0,0,10917,0,Clem Simich,17,0,10917,27,0,0,1,Tamaki,0224,257,25746,Nick,Smith,46,National,4,0,0,0,1,0,0,1,4,4,3,5,87,140,0,0,0,1,395694,0,Nick Smith,17,140,395694,2603,1,0,0,Nelson,0225,209,20946,Lockwood,Smith,46,National,6,0,0,0,1,0,0,3,4,4,2,5,44,25,0,0,0,0,201737,0,Lockwood Smith,17,25,201737,980,1,0,0,Rodney,0226,318,31846,Roger,Sowry,46,National,4,0,0,1,0,0,0,2,4,5,4,6,83,38,0,0,0,0,161099,0,Roger Sowry,17,38,161099,1566,1,0,0,Otaki,0227,358,35846,Tony,Steel,46,National,3,0,0,0,1,0,0,0,0,0,0,0,2,59,0,0,0,0,37501,0,Tony Steel,17,59,37501,162,0,0,1,Hamilton East,0228,162,16246,Jim,Sutton,46,Labour,5,0,0,0,1,0,0,0,0,0,0,0,0,16,0,0,0,0,65425,1,Jim Sutton,17,16,65425,587,1,0,0,Aoraki,0229,272,27246,Paul,Swain,46,Labour,4,0,0,0,1,0,0,0,0,0,0,0,0,31,0,0,0,0,85415,1,Paul Swain,17,31,85415,598,1,0,0,Rimutaka,0230,175,17546,John,Tamihere,46,Labour,1,0,0,0,0,1,1,3,3,3,1,3,11,1055,0,0,0,0,58571,1,John Tamihere,17,1055,58571,385,0,0,1,ZHauraki,1231,254,25446,Nandor,Tanczos,46,Green,1,0,0,1,0,0,0,1,1,1,0,1,13,171,0,0,0,2,58756,0,Nandor Tanczos,17,171,58756,246,1,0,0,Auckland Central,0232,112,11246,Georgina,Te Heuheu,46,National,2,0,0,1,0,0,1,8,12,15,10,16,20,544,0,0,0,0,77529,0,Georgina Te Heuheu,17,544,77529,285,0,1,0,ZZ_List only,0233,207,20746,Lindsay,Tisch,46,National,1,0,0,0,1,0,0,0,0,0,0,0,3,57,0,0,0,0,79818,0,Lindsay Tisch,17,57,79818,278,0,0,1,Karapiro,0234,183,18346,Judith,Tizard,46,Labour,1,0,0,0,1,0,0,0,0,0,0,0,0,36,0,0,0,2,58122,1,Judith Tizard,17,36,58122,430,1,0,0,Auckland Central,0235,14,1446,Anne,Tolley,46,National,1,0,0,1,0,0,0,0,0,0,0,0,13,104,0,0,0,1,132487,0,Anne Tolley,17,104,132487,359,1,0,0,Napier,0236,350,35046,Tariana,Turia,46,Labour,2,0,0,1,0,0,1,0,0,0,0,0,0,379,0,0,0,0,29566,1,Tariana Turia,17,379,29566,397,0,1,0,ZZ_List only,0237,335,33546,Simon,Upton,46,National,7,0,0,1,0,0,0,1,0,1,1,1,5,18,0,0,0,0,21820,0,Simon Upton,17,18,21820,136,0,1,0,ZZ_List only,0238,20,2046,Belinda,Vernon,46,National,2,0,0,1,0,0,0,0,0,0,1,1,29,22,0,0,0,1,161133,0,Belinda Vernon,17,22,161133,425,1,0,0,Maungakiekie,0239,275,27546,Penny,Webster,46,ACT,1,0,0,1,0,0,0,0,1,1,0,1,9,35,0,0,0,0,57313,0,Penny Webster,17,35,57313,317,1,0,0,Rodney,0240,232,23246,Maurice,Williamson,46,National,5,0,0,0,1,0,0,4,4,4,1,4,18,116,0,0,0,0,105444,0,Maurice Williamson,17,116,105444,572,1,0,0,Pakuranga,0241,220,22046,Margaret,Wilson,46,Labour,1,0,0,1,0,0,0,0,0,0,0,0,0,225,0,0,0,0,123580,1,Margaret Wilson,17,225,123580,953,1,0,0,Tauranga,0242,263,26346,Pansy,Wong,46,National,2,0,0,1,0,0,0,0,1,1,1,1,4,15,0,0,0,0,70372,0,Pansy Wong,17,15,70372,249,0,1,0,ZZ_List only,0243,94,9446,Doug,Woolerton,46,New Zealand First,2,0,1,1,0,0,0,0,0,0,0,0,2,10,0,0,0,1,39488,0,Doug Woolerton,17,10,39488,228,1,0,0,Hamilton East,0244,304,30446,Richard,Worth,46,National,1,0,0,0,1,0,0,0,0,0,0,0,4,58,0,0,0,0,103129,0,Richard Worth,17,58,103129,330,1,0,0,Epsom,0245,177,17746,John,Wright,46,Alliance,2,0,0,1,0,0,0,0,0,0,0,0,21,12,0,0,0,1,69497,1,John Wright,17,12,69497,459,1,0,0,Waimakariri,0246,88,8846,Dianne,Yates,46,Labour,3,0,0,1,0,0,0,0,0,0,0,0,33,16,0,0,0,2,37764,1,Dianne Yates,17,16,37764,243,1,0,0,Hamilton East,0247,12,1246,Annabel,Young,46,National,2,0,0,1,0,0,0,0,0,0,0,0,3,19,0,0,0,2,163863,0,Annabel Young,17,19,163863,407,0,1,0,ZZ_List only,0248,266,26647,Paul,Adams,47,United Future,1,0,0,1,0,0,0,0,0,0,0,0,16,14,0,0,0,0,91522,1,Paul Adams,21,14,91522,375,1,0,0,East Coast Bays,0249,216,21647,Marc,Alexander,47,United Future,1,0,0,1,0,0,0,0,2,2,2,2,41,45,0,0,0,1,102537,1,Marc Alexander,21,45,102537,490,1,0,0,Ilam,0250,158,15847,Jim,Anderton,47,Jim Anderton's Progressive Coalition,7,0,0,0,1,0,0,0,0,0,0,0,0,22,0,0,0,0,61936,1,Jim Anderton,21,22,61936,419,1,0,0,Wigram,0251,330,33047,Shane,Ardern,47,National Party,3,0,0,0,1,0,0,0,0,0,0,0,0,95,0,0,0,0,129411,0,Shane Ardern,21,95,129411,458,0,0,1,Taranaki-King Country,0252,91,9147,Donna,Awatere Huata,47,ACT New Zealand / Independent,3,0,0,1,0,0,1,0,1,1,0,1,8,61,0,0,0,1,9193,0,Donna Awatere Huata,21,61,9193,62,1,0,0,Napier,0253,203,20347,Larry,Baldock,47,United Future,1,0,0,1,0,0,0,0,0,0,0,0,45,187,0,0,0,1,149525,1,Larry Baldock,21,187,149525,546,1,0,0,Tauranga,0254,305,30547,Rick,Barker,47,Labour Party,4,0,0,0,1,0,0,0,0,0,0,0,0,24,0,0,0,0,106817,1,Rick Barker,21,24,106817,665,1,0,0,Tukituki,0255,353,35347,Tim,Barnett,47,Labour Party,3,0,0,0,1,0,0,0,0,0,0,0,26,16,0,0,0,1,36346,1,Tim Barnett,21,16,36346,193,0,0,1,Christchurch Central,0256,70,7047,David,Benson-Pope,47,Labour Party,2,0,0,0,1,0,0,0,0,0,0,0,26,131,0,0,0,0,88499,1,David Benson-Pope,21,131,88499,1026,1,0,0,Dunedin South,0257,111,11147,Georgina,Beyer,47,Labour Party,2,0,0,0,1,0,1,0,0,0,0,0,54,31,0,0,0,1,34383,1,Georgina Beyer,21,31,34383,327,1,0,0,Wairarapa,0258,345,34547,Sue,Bradford,47,Green Party,2,0,0,1,0,0,0,0,1,1,0,1,47,68,0,0,0,2,130757,0,Sue Bradford,21,68,130757,439,1,0,0,Rodney,0259,89,8947,Don,Brash,47,National Party,1,0,0,1,0,0,0,0,5,5,10,12,81,53,0,0,0,0,80482,0,Don Brash,21,53,80482,457,0,1,0,ZZ_List only,0260,278,27847,Peter,Brown,47,New Zealand First Party,3,0,1,1,0,0,0,0,0,0,0,0,47,13,0,0,0,1,187440,0,Peter Brown,21,13,187440,1554,1,0,0,Bay of Plenty,0261,114,11447,Gerry,Brownlee,47,National Party,3,0,0,0,1,0,0,13,16,21,26,33,105,316,0,0,0,1,223784,0,Gerry Brownlee,21,316,223784,2190,1,0,0,Ilam,0262,224,22447,Mark,Burton,47,Labour Party,4,0,0,0,1,0,0,0,0,0,0,0,0,20,0,0,0,0,42408,1,Mark Burton,21,20,42408,518,1,0,0,Taupo,0263,47,4747,Chris,Carter,47,Labour Party,2,0,0,0,1,0,0,0,0,0,0,0,0,69,0,0,0,0,67845,1,Chris Carter,21,69,67845,680,1,0,0,Te Atatu,0264,169,16947,John,Carter,47,National Party,6,0,0,0,1,0,0,0,0,0,0,0,3,89,0,0,0,0,133223,0,John Carter,21,89,133223,1136,1,0,0,Northland,0265,72,7247,David,Carter,47,National Party,4,0,0,1,0,0,0,0,0,0,0,0,14,60,0,0,0,0,158580,0,David Carter,21,60,158580,1132,1,0,0,Banks Peninsula,0266,33,3347,Brent,Catchpole,47,New Zealand First Party,1,0,1,1,0,0,0,0,0,0,0,0,3,14,0,0,0,0,80819,0,Brent Catchpole,21,14,80819,334,1,0,0,Clevedon,0267,340,34047,Steve,Chadwick,47,Labour Party,2,0,0,0,1,0,0,0,0,0,0,0,49,56,0,0,0,0,58358,1,Steve Chadwick,21,56,58358,408,1,0,0,Rotorua,0268,18,1847,Ashraf,Choudhary,47,Labour Party,1,0,0,1,0,0,0,0,0,0,0,0,29,4,0,0,0,0,9466,1,Ashraf Choudhary,21,4,9466,126,0,1,0,ZZ_List only,0269,130,13047,Helen,Clark,47,Labour Party,8,0,0,0,1,0,0,0,0,0,0,0,0,85,0,0,0,0,100971,1,Helen Clark,21,85,100971,1537,1,0,0,Mt Albert,0270,81,8147,Deborah,Coddington,47,ACT New Zealand,1,0,0,1,0,0,0,0,0,0,0,0,30,166,0,0,0,1,157586,0,Deborah Coddington,21,166,157586,640,1,0,0,North Shore,0271,182,18247,Judith,Collins,47,National Party,1,0,0,0,1,0,0,1,0,1,0,1,20,55,0,0,0,0,148345,0,Judith Collins,21,55,148345,588,1,0,0,Clevedon,0272,34,3447,Brian,Connell,47,National Party,1,0,0,0,1,0,0,0,0,0,0,0,5,29,0,0,0,0,138356,0,Brian Connell,21,29,138356,778,0,0,1,Rakaia,0273,117,11747,Gordon,Copeland,47,United Future,1,0,0,1,0,0,0,0,1,1,0,1,41,41,0,0,0,2,137244,1,Gordon Copeland,21,41,137244,552,1,0,0,Rongotai,0274,56,5647,Clayton,Cosgrove,47,Labour Party,2,0,0,0,1,0,0,0,0,0,0,0,49,32,0,0,0,0,83747,1,Clayton Cosgrove,21,32,83747,624,0,0,1,Waimakariri,0275,240,24047,Michael,Cullen,47,Labour Party,8,0,0,1,0,0,0,0,0,0,0,0,0,221,0,0,0,0,287068,1,Michael Cullen,21,221,287068,3128,0,1,0,ZZ_List only,0276,76,7647,David,Cunliffe,47,Labour Party,2,0,0,0,1,0,0,0,0,0,0,0,11,38,0,0,0,0,49753,1,David Cunliffe,21,38,49753,384,1,0,0,New Lynn,0277,206,20647,Lianne,Dalziel,47,Labour Party,5,0,0,0,1,0,0,0,0,0,0,0,7,22,0,0,0,0,115723,1,Lianne Dalziel,21,22,115723,1257,1,0,0,Christchurch East,0278,313,31347,Rod,Donald,47,Green Party,3,0,0,1,0,0,0,0,0,0,0,0,26,78,0,0,0,2,117330,0,Rod Donald,21,78,117330,500,1,0,0,Banks Peninsula,0279,35,3547,Brian,Donnelly,47,New Zealand First Party,3,0,1,1,0,0,0,0,1,1,1,2,11,104,0,0,0,0,89967,0,Brian Donnelly,21,104,89967,451,1,0,0,Whangarei,0280,131,13147,Helen,Duncan,47,Labour Party,3,0,0,1,0,0,0,0,0,0,0,0,54,13,0,0,0,0,26960,1,Helen Duncan,21,13,26960,282,1,0,0,North Shore,0281,279,27947,Peter,Dunne,47,United Future,7,0,0,0,1,0,0,0,0,0,0,0,44,27,0,0,0,1,142117,1,Peter Dunne,21,27,142117,660,1,0,0,Ohariu Belmont,0282,127,12747,Harry,Duynhoven,47,Labour Party,5,0,0,0,1,0,0,0,0,0,0,0,1,10,0,0,0,0,42174,1,Harry Duynhoven,21,10,42174,340,0,0,1,New Plymouth,0283,325,32547,Ruth,Dyson,47,Labour Party,4,0,0,0,1,0,0,0,0,0,0,0,0,22,0,0,0,0,74018,1,Ruth Dyson,21,22,74018,654,1,0,0,Banks Peninsula,0284,113,11347,Gerrard,Eckhoff,47,ACT New Zealand,1,0,0,1,0,0,0,0,0,0,0,0,7,62,0,0,0,1,141162,0,Gerrard Eckhoff,21,62,141162,468,1,0,0,Otago,0285,24,2447,Bill,English,47,National Party,5,0,0,0,1,0,0,0,7,7,17,22,181,100,0,0,0,0,163575,0,Bill English,21,100,163575,1228,1,0,0,Clutha-Southland,0286,136,13647,Ian,Ewen-Street,47,Green Party,2,0,0,1,0,0,0,0,0,0,0,0,21,26,0,0,0,1,56582,0,Ian Ewen-Street,21,26,56582,284,1,0,0,Kaikoura,0287,323,32347,Russell,Fairbrother,47,Labour Party,1,0,0,0,1,0,0,0,0,0,0,0,18,114,0,0,0,0,32804,1,Russell Fairbrother,21,114,32804,257,0,0,1,Napier,0288,349,34947,Taito Phillip,Field,47,Labour Party,4,0,0,0,1,0,0,0,0,0,0,0,1,13,0,0,0,0,19462,1,Taito Phillip Field,21,13,19462,108,0,0,1,Mangere,0289,149,14947,Jeanette,Fitzsimons,47,Green Party,3,0,0,1,0,0,0,0,0,0,1,1,69,159,0,0,0,0,147634,0,Jeanette Fitzsimons,21,159,147634,639,1,0,0,Coromandel,0290,339,33947,Stephen,Franks,47,ACT New Zealand,2,0,0,1,0,0,0,1,6,6,10,12,33,373,0,0,0,0,305550,0,Stephen Franks,21,373,305550,1071,1,0,0,Wellington Central,0291,228,22847,Martin,Gallagher,47,Labour Party,2,0,0,0,1,0,0,0,0,0,0,0,32,25,0,0,0,0,41911,1,Martin Gallagher,21,25,41911,278,1,0,0,Hamilton West,0292,286,28647,Phil,Goff,47,Labour Party,7,0,0,0,1,0,0,0,0,0,0,0,0,39,0,0,0,0,138890,1,Phil Goff,21,39,138890,1153,1,0,0,Mt Albert,0293,225,22547,Mark,Gosche,47,Labour Party,3,0,0,0,1,0,0,0,0,0,0,0,23,10,0,0,0,0,32344,1,Mark Gosche,21,10,32344,210,1,0,0,Maungakiekie,0294,327,32747,Sandra,Goudie,47,National Party,1,0,0,0,1,0,0,0,0,0,0,0,0,170,0,0,0,0,65150,0,Sandra Goudie,21,170,65150,231,1,0,0,Coromandel,0295,25,2547,Bill,Gudgeon,47,New Zealand First Party,1,0,1,1,0,0,1,0,0,0,0,0,0,1306,0,0,0,0,32271,0,Bill Gudgeon,21,1306,32271,95,1,0,0,Hamilton West,0296,11,1147,Ann,Hartley,47,Labour Party,2,0,0,0,1,0,0,0,0,0,0,0,0,0,0,0,0,0,142,1,Ann Hartley,21,0,142,2,1,0,0,Northcote,0297,110,11047,George,Hawkins,47,Labour Party,5,0,0,0,1,0,0,0,0,0,0,0,0,15,0,0,0,0,47091,1,George Hawkins,21,15,47091,807,1,0,0,Manurewa,0298,287,28747,Phil,Heatley,47,National Party,2,0,0,0,1,0,0,0,1,1,3,4,16,580,0,0,0,0,144325,0,Phil Heatley,21,580,144325,542,1,0,0,Whangarei,0299,67,6747,Dave,Hereora,47,Labour Party,1,0,0,1,0,0,1,0,0,0,0,0,16,170,0,0,0,0,20208,1,Dave Hereora,21,170,20208,158,1,0,0,Clevedon,0300,314,31447,Rodney,Hide,47,ACT New Zealand,3,0,0,1,0,0,0,19,14,22,16,31,103,402,0,1,1,2,171981,0,Rodney Hide,21,402,171981,2118,1,0,0,Epsom,0301,221,22147,Marian,Hobbs,47,Labour Party,3,0,0,0,1,0,0,0,0,0,0,0,0,76,0,0,0,0,68318,1,Marian Hobbs,21,76,68318,566,1,0,0,Wellington Central,0302,277,27747,Pete,Hodgson,47,Labour Party,5,0,0,0,1,0,0,0,0,0,0,0,0,97,0,0,0,0,83391,1,Pete Hodgson,21,97,83391,863,1,0,0,Dunedin North,0303,264,26447,Parekura,Horomia,47,Labour Party,2,0,0,0,0,1,1,0,0,0,0,0,0,1374,0,1,1,2,49054,1,Parekura Horomia,21,1374,49054,588,1,0,0,ZIkaroa Rawhiti,1304,66,6647,Darren,Hughes,47,Labour Party,1,0,0,0,1,0,0,0,1,1,0,1,33,146,0,0,0,0,64992,1,Darren Hughes,21,146,64992,786,1,0,0,Otaki,0305,179,17947,Jonathan,Hunt,47,Labour Party,13,0,0,1,0,0,0,0,0,0,0,0,0,0,0,0,0,0,0,1,Jonathan Hunt,21,0,0,0,0,1,0,ZZ_List only,0306,270,27047,Paul,Hutchison,47,National Party,2,0,0,0,1,0,0,0,0,0,1,1,24,144,0,0,0,1,154859,0,Paul Hutchison,21,144,154859,493,1,0,0,Port Waikato,0307,63,6347,Dail,Jones,47,New Zealand First Party,1,0,1,1,0,0,0,0,1,1,4,4,26,211,0,0,0,0,277831,0,Dail Jones,21,211,277831,1208,1,0,0,Helensville,0308,346,34647,Sue,Kedgley,47,Green Party,2,0,0,1,0,0,0,0,0,0,0,0,68,72,0,0,0,1,114745,0,Sue Kedgley,21,72,114745,573,1,0,0,Wellington Central,0309,120,12047,Graham,Kelly,47,Labour Party,6,0,0,1,0,0,0,0,0,0,0,0,9,3,0,0,0,0,18506,1,Graham Kelly,21,3,18506,84,0,1,0,ZZ_List only,0310,172,17247,John,Key,47,National Party,1,0,0,0,1,0,0,0,1,1,0,1,32,75,0,0,0,0,174259,0,John Key,21,75,174259,912,1,0,0,Helensville,0311,15,1547,Annette,King,47,Labour Party,6,0,0,0,1,0,0,0,0,0,0,0,0,29,0,0,0,0,97222,1,Annette King,21,29,97222,1167,1,0,0,Rongotai,0312,374,37447,Winnie,Laban,47,Labour Party,2,0,0,0,1,0,0,0,0,0,0,0,38,65,0,0,0,0,12890,1,Winnie Laban,21,65,12890,129,1,0,0,Mana,0313,192,19247,Keith,Locke,47,Green Party,2,0,0,1,0,0,0,0,0,0,0,0,37,36,0,0,0,0,134192,0,Keith Locke,21,36,134192,509,1,0,0,Epsom,0314,247,24747,Moana,Mackey,47,Labour Party,1,0,0,1,0,0,1,0,2,2,1,2,29,127,0,0,0,0,27589,1,Moana Mackey,21,127,27589,154,0,1,0,ZZ_List only,0315,148,14847,Janet,Mackey,47,Labour Party,4,0,0,0,1,0,0,0,0,0,0,0,4,14,0,0,0,0,14784,1,Janet Mackey,21,14,14784,99,0,0,1,East Coast,0316,341,34147,Steve,Maharey,47,Labour Party,5,0,0,0,1,0,0,0,0,0,0,0,0,151,0,0,0,0,187996,1,Steve Maharey,21,151,187996,1721,1,0,0,Palmerston North,0317,253,25347,Nanaia,Mahuta,47,Labour Party,3,0,0,0,0,1,1,1,3,3,1,3,23,1309,0,0,0,1,26800,1,Nanaia Mahuta,21,1309,26800,154,1,0,0,ZTainui,1318,361,36147,Trevor,Mallard,47,Labour Party,6,0,0,0,1,0,0,0,0,0,0,0,0,63,0,0,0,0,94099,1,Trevor Mallard,21,63,94099,1649,1,0,0,Hutt South,0319,371,37147,Wayne,Mapp,47,National Party,3,0,0,0,1,0,0,1,8,9,8,11,36,235,0,0,0,0,184882,0,Wayne Mapp,21,235,184882,978,1,0,0,North Shore,0320,319,31947,Ron,Mark,47,New Zealand First Party,3,0,1,1,0,0,1,0,0,0,0,0,67,100,0,0,0,0,193908,0,Ron Mark,21,100,193908,1317,1,0,0,Waimakariri,0321,250,25047,Murray,Mccully,47,National Party,6,0,0,0,1,0,0,11,7,11,11,16,33,93,0,0,0,0,69852,0,Murray Mccully,21,93,69852,363,0,0,1,East Coast Bays,0322,62,6247,Craig,Mcnair,47,New Zealand First Party,1,0,1,1,0,0,0,0,0,0,0,0,2,39,0,0,0,1,48713,0,Craig Mcnair,21,39,48713,270,1,0,0,Rodney,0323,249,24947,Muriel,Newman,47,ACT New Zealand,3,0,0,1,0,0,0,3,6,6,5,6,41,16,0,0,0,3,116890,0,Muriel Newman,21,16,116890,509,1,0,0,Whangarei,0324,64,6447,Damien,O'Connor,47,Labour Party,4,0,0,0,1,0,0,0,0,0,0,0,0,24,0,0,0,0,56295,1,Damien O'Connor,21,24,56295,527,0,0,1,West Coast-Tasman,0325,21,2147,Bernie,Ogilvy,47,United Future,1,0,0,1,0,0,0,0,0,0,0,0,17,29,0,0,0,0,46272,1,Bernie Ogilvy,21,29,46272,200,1,0,0,Mt Roskill,0326,215,21547,Mahara,Okeroa,47,Labour Party,2,0,0,0,0,1,1,2,4,4,3,6,10,1212,0,0,0,0,21083,1,Mahara Okeroa,21,1212,21083,182,1,0,0,ZTe Tai Tonga,1327,292,29247,Pita,Paraone,47,New Zealand First Party,1,0,1,1,0,0,1,0,0,0,0,0,3,1462,0,0,0,0,42018,0,Pita Paraone,21,1462,42018,185,1,0,0,Pakuranga,0328,79,7947,David,Parker,47,Labour Party,1,0,0,0,1,0,0,0,0,0,0,0,50,16,0,0,0,0,53389,1,David Parker,21,16,53389,383,1,0,0,Otago,0329,227,22747,Mark,Peck,47,Labour Party,4,0,0,0,1,0,0,0,0,0,0,0,43,57,0,0,0,1,67150,1,Mark Peck,21,57,67150,596,1,0,0,Invercargill,0330,97,9747,Edwin Jock,Perry,47,New Zealand First Party,1,0,1,1,0,0,1,0,0,0,0,0,0,226,0,0,0,0,27018,0,Edwin Jock Perry,21,226,27018,104,1,0,0,Wairarapa,0331,161,16147,Jim,Peters,47,New Zealand First Party,1,0,1,1,0,0,1,0,0,0,0,0,2,111,0,0,0,0,102465,0,Jim Peters,21,111,102465,279,1,0,0,Northland,0332,375,37547,Winston,Peters,47,New Zealand First Party,8,0,1,0,1,0,1,2,5,6,6,11,236,249,0,1,1,1,286915,0,Winston Peters,21,249,286915,3680,1,0,0,Tauranga,0333,156,15647,Jill,Pettis,47,Labour Party,4,0,0,0,1,0,1,0,1,1,0,1,41,38,0,0,0,0,56983,1,Jill Pettis,21,38,56983,938,1,0,0,Whanganui,0334,213,21347,Lynne,Pillay,47,Labour Party,1,0,0,0,1,0,0,0,0,0,0,0,62,19,0,0,0,0,21378,1,Lynne Pillay,21,19,21378,251,1,0,0,Waitakere,0335,334,33447,Simon,Power,47,National Party,2,0,0,0,1,0,0,0,1,1,1,1,26,39,0,0,0,2,141063,0,Simon Power,21,39,141063,1050,1,0,0,Rangitikei,0336,302,30247,Richard,Prebble,47,ACT New Zealand,9,0,0,1,0,0,0,2,1,3,4,5,44,122,0,0,0,0,289096,0,Richard Prebble,21,122,289096,2059,0,1,0,ZZ_List only,0337,190,19047,Katherine,Rich,47,National Party,2,0,0,1,0,0,0,7,6,9,4,10,48,97,0,0,0,0,105989,0,Katherine Rich,21,97,105989,556,1,0,0,Dunedin North,0338,246,24647,Mita,Ririnui,47,Labour Party,2,0,0,0,0,1,1,0,0,0,1,1,4,1504,0,0,0,0,23906,1,Mita Ririnui,21,1504,23906,97,1,0,0,Zwaiariki,1339,321,32147,Ross,Robertson,47,Labour Party,6,0,0,0,1,0,0,0,0,0,0,0,19,16,0,0,0,0,4420,1,Ross Robertson,21,16,4420,89,0,0,1,Manukau East,0340,230,23047,Matt,Robson,47,Jim Anderton's Progressive Coalition,3,0,0,1,0,0,0,0,0,0,0,0,24,60,0,0,0,2,83311,1,Matt Robson,21,60,83311,238,1,0,0,Manukau East,0341,128,12847,Heather,Roy,47,ACT New Zealand,1,0,0,1,0,0,0,0,4,4,1,5,32,130,0,0,0,0,94436,0,Heather Roy,21,130,94436,430,1,0,0,Ohariu Belmont,0342,357,35747,Tony,Ryall,47,National Party,5,0,0,0,1,0,0,0,2,2,3,3,78,183,0,0,0,0,154674,0,Tony Ryall,21,183,154674,1009,1,0,0,Bay of Plenty,0343,96,9647,Dover,Samuels,47,Labour Party,3,0,0,0,0,1,1,0,0,0,0,0,0,1807,0,0,0,0,29037,1,Dover Samuels,21,1807,29037,212,1,0,0,ZTe Tai Tokerau,1344,212,21247,Lynda,Scott,47,National Party,2,0,0,0,1,0,0,0,2,2,1,3,46,29,0,0,0,0,124339,0,Lynda Scott,21,29,124339,591,1,0,0,Kaikoura,0345,194,19447,Ken,Shirley,47,ACT New Zealand,5,0,0,1,0,0,0,3,4,5,6,7,35,236,0,0,0,2,206468,0,Ken Shirley,21,236,206468,1342,1,0,0,Tamaki,0346,57,5747,Clem,Simich,47,National Party,5,0,0,0,1,0,1,0,0,0,0,0,0,0,0,0,0,0,91,0,Clem Simich,21,0,91,2,0,0,1,Tamaki,0347,252,25247,Murray,Smith,47,United Future,1,0,0,1,0,0,0,1,2,2,3,4,17,609,0,0,0,0,121951,1,Murray Smith,21,609,121951,274,1,0,0,Hutt South,0348,257,25747,Nick,Smith,47,National Party,5,0,0,0,1,0,0,2,5,6,6,8,72,182,0,0,0,1,221916,0,Nick Smith,21,182,221916,1807,1,0,0,Nelson,0349,209,20947,Lockwood,Smith,47,National Party,7,0,0,0,1,0,0,0,0,0,0,0,7,24,0,0,0,0,176040,0,Lockwood Smith,21,24,176040,559,1,0,0,Rodney,0350,205,20547,Lesley,Soper,47,Labour Party,1,0,0,1,0,0,0,0,0,0,0,0,1,0,0,0,0,0,0,1,Lesley Soper,21,0,0,0,1,0,0,Clutha-Southland,0351,318,31847,Roger,Sowry,47,National Party,5,0,0,1,0,0,0,2,4,5,3,6,38,49,0,0,0,0,148791,0,Roger Sowry,21,49,148791,998,1,0,0,Otaki,0352,19,1947,Barbara,Stewart,47,New Zealand First Party,1,0,1,1,0,0,0,0,0,0,0,0,10,3,0,0,0,0,48453,0,Barbara Stewart,21,3,48453,186,1,0,0,North Shore,0353,162,16247,Jim,Sutton,47,Labour Party,6,0,0,0,1,0,0,0,0,0,0,0,0,5,0,0,0,0,32246,1,Jim Sutton,21,5,32246,378,1,0,0,Aoraki,0354,272,27247,Paul,Swain,47,Labour Party,5,0,0,0,1,0,0,0,0,0,0,0,0,42,0,0,0,0,104365,1,Paul Swain,21,42,104365,1297,1,0,0,Rimutaka,0355,175,17547,John,Tamihere,47,Labour Party,2,0,0,0,0,1,1,0,0,0,0,0,0,843,0,0,0,0,69587,1,John Tamihere,21,843,69587,576,0,0,1,ZTamaki Makaurau,1356,254,25447,Nandor,Tanczos,47,Green Party,2,0,0,1,0,0,0,0,1,1,0,1,15,234,0,0,0,0,86872,0,Nandor Tanczos,21,234,86872,350,1,0,0,Auckland Central,0357,112,11247,Georgina,Te Heuheu,47,National Party,3,0,0,1,0,0,1,0,0,0,0,0,0,563,0,0,0,0,93866,0,Georgina Te Heuheu,21,563,93866,254,0,1,0,ZZ_List only,0358,207,20747,Lindsay,Tisch,47,National Party,2,0,0,0,1,0,0,0,0,0,0,0,3,64,0,0,0,0,146000,0,Lindsay Tisch,21,64,146000,746,0,0,1,Piako,0359,183,18347,Judith,Tizard,47,Labour Party,2,0,0,0,1,0,0,0,0,0,0,0,0,62,0,0,0,2,48036,1,Judith Tizard,21,62,48036,322,1,0,0,Auckland Central,0360,238,23847,Metiria,Turei,47,Green Party,1,0,0,1,0,0,1,2,2,3,5,5,15,1584,0,0,0,0,80409,0,Metiria Turei,21,1584,80409,282,1,0,0,ZTamaki Makaurau,1361,350,35047,Tariana,Turia,47,Labour Party / Maori Party,3,1,0,0,0,1,1,0,3,3,2,5,9,766,0,0,0,0,20471,1,Tariana Turia,21,766,20471,191,0,0,1,ZTe Tai Hauauru,1362,185,18547,Judy,Turner,47,United Future,1,0,0,1,0,0,0,0,0,0,0,0,44,136,0,0,0,0,81135,1,Judy Turner,21,136,81135,388,1,0,0,East Coast,0363,196,19647,Kenneth,Wang,47,ACT New Zealand,1,0,0,1,0,0,0,0,0,0,0,0,3,4,0,0,0,0,2221,0,Kenneth Wang,21,4,2221,9,1,0,0,Mt Roskill,0364,245,24547,Mike,Ward,47,Green Party,1,0,0,1,0,0,0,0,0,0,0,0,5,24,0,0,0,0,45321,0,Mike Ward,21,24,45321,138,1,0,0,Nelson,0365,232,23247,Maurice,Williamson,47,National Party,6,0,0,0,1,0,0,0,0,0,0,0,2,6,0,0,0,0,51941,0,Maurice Williamson,21,6,51941,285,0,0,1,Pakuranga,0366,220,22047,Margaret,Wilson,47,Labour Party,2,0,0,1,0,0,0,0,0,0,0,0,0,509,0,0,0,0,76072,1,Margaret Wilson,21,509,76072,646,1,0,0,Tauranga,0367,263,26347,Pansy,Wong,47,National Party,3,0,0,1,0,0,0,0,0,0,0,0,1,21,0,0,0,0,110777,0,Pansy Wong,21,21,110777,323,1,0,0,Auckland Central,0368,94,9447,Doug,Woolerton,47,New Zealand First Party,3,0,1,1,0,0,0,0,0,0,0,0,1,16,0,0,0,1,36150,0,Doug Woolerton,21,16,36150,237,1,0,0,Hamilton East,0369,304,30447,Richard,Worth,47,National Party,2,0,0,0,1,0,0,0,3,3,2,3,11,33,0,0,0,0,116297,0,Richard Worth,21,33,116297,475,1,0,0,Epsom,0370,88,8847,Dianne,Yates,47,Labour Party,4,0,0,0,1,0,0,0,0,0,0,0,24,40,0,0,0,2,41687,1,Dianne Yates,21,40,41687,270,1,0,0,Hamilton East,0371,158,15848,Jim,Anderton,48,Jim Anderton's Progressive,8,0,0,0,1,0,0,0,0,0,0,0,0,108,0,0,0,0,110633,1,Jim Anderton,23,108,110633,776,1,0,0,Wigram,0372,330,33048,Shane,Ardern,48,National Party,4,0,0,0,1,0,0,0,0,0,0,0,8,36,0,0,0,0,75568,0,Shane Ardern,23,36,75568,223,1,0,0,Taranaki-King Country,0373,46,4648,Chris,Auchinvole,48,National Party,1,0,0,1,0,0,0,0,0,0,0,0,7,42,0,0,0,0,75613,0,Chris Auchinvole,23,42,75613,517,1,0,0,West Coast-Tasman,0374,305,30548,Rick,Barker,48,Labour Party,5,0,0,1,0,0,0,0,0,0,0,0,0,23,0,0,0,0,87222,1,Rick Barker,23,23,87222,458,1,0,0,Tukituki,0375,353,35348,Tim,Barnett,48,Labour Party,4,0,0,0,1,0,0,0,0,0,0,0,6,21,0,0,0,0,20174,1,Tim Barnett,23,21,20174,113,0,0,1,Christchurch Central,0376,69,6948,David,Bennett,48,National Party,1,0,0,0,1,0,0,0,0,0,0,0,1,33,0,0,0,0,98923,1,David Bennett,23,33,98923,367,1,0,0,Hamilton East,0377,273,27348,Paula,Bennett,48,National Party,1,0,0,1,0,0,1,0,0,0,0,0,17,62,0,0,0,0,81170,0,Paula Bennett,23,62,81170,409,1,0,0,Waitakere,0378,70,7048,David,Benson-Pope,48,Labour Party,3,0,0,0,1,0,0,0,0,0,0,0,1,42,0,0,0,0,80909,1,David Benson-Pope,23,42,80909,698,1,0,0,Dunedin South,0379,111,11148,Georgina,Beyer,48,Labour Party,3,0,0,1,0,0,1,0,0,0,0,0,25,26,0,0,0,0,18082,1,Georgina Beyer,23,26,18082,129,0,1,0,ZZ_List only,0380,143,14348,Jackie,Blue,48,National Party,1,0,0,1,0,0,0,0,0,0,0,0,11,13,0,0,0,2,56122,0,Jackie Blue,23,13,56122,210,1,0,0,Mt Roskill,0381,223,22348,Mark,Blumsky,48,National Party,1,0,0,1,0,0,0,0,0,0,0,0,3,14,0,0,0,0,53105,0,Mark Blumsky,23,14,53105,179,1,0,0,Wellington Central,0382,45,4548,Chester,Borrows,48,National Party,1,0,0,0,1,0,0,0,0,0,0,0,11,76,0,0,0,0,110377,0,Chester Borrows,23,76,110377,307,1,0,0,Whanganui,0383,345,34548,Sue,Bradford,48,Green Party,3,0,0,1,0,0,0,0,0,0,0,0,32,282,0,0,0,2,137513,0,Sue Bradford,23,282,137513,355,1,0,0,Northland,0384,89,8948,Don,Brash,48,National Party,2,0,0,1,0,0,0,0,0,0,0,0,58,24,0,0,0,0,43438,0,Don Brash,23,24,43438,463,0,1,0,ZZ_List only,0385,278,27848,Peter,Brown,48,New Zealand First Party,4,0,1,1,0,0,0,0,0,0,0,0,33,39,0,0,0,0,165000,1,Peter Brown,23,39,165000,1281,1,0,0,Bay of Plenty,0386,114,11448,Gerry,Brownlee,48,National Party,4,0,0,0,1,0,0,7,2,7,2,7,106,299,0,0,0,1,225566,0,Gerry Brownlee,23,299,225566,2609,1,0,0,Ilam,0387,224,22448,Mark,Burton,48,Labour Party,5,0,0,0,1,0,0,0,0,0,0,0,1,483,0,0,0,0,129982,1,Mark Burton,23,483,129982,1085,1,0,0,Taupo,0388,47,4748,Chris,Carter,48,Labour Party,3,0,0,0,1,0,0,0,0,0,0,0,0,89,0,0,0,0,73623,1,Chris Carter,23,89,73623,852,1,0,0,Te Atatu,0389,169,16948,John,Carter,48,National Party,7,0,0,0,1,0,0,0,0,0,0,0,5,30,0,0,0,0,95172,0,John Carter,23,30,95172,444,1,0,0,Northland,0390,72,7248,David,Carter,48,National Party,5,0,0,1,0,0,0,0,1,1,1,1,20,8,0,0,0,0,88938,0,David Carter,23,8,88938,528,1,0,0,Banks Peninsula,0391,340,34048,Steve,Chadwick,48,Labour Party,3,0,0,0,1,0,0,0,0,0,0,0,39,152,0,0,0,1,68821,1,Steve Chadwick,23,152,68821,419,1,0,0,Rotorua,0392,44,4448,Charles,Chauvel,48,Labour Party,1,0,0,1,0,0,0,0,0,0,0,0,34,30,0,0,0,0,74900,1,Charles Chauvel,23,30,74900,304,1,0,0,Ohariu Belmont,0393,18,1848,Ashraf,Choudhary,48,Labour Party,2,0,0,1,0,0,0,0,0,0,0,0,31,10,0,0,0,0,18097,1,Ashraf Choudhary,23,10,18097,180,0,1,0,ZZ_List only,0394,130,13048,Helen,Clark,48,Labour Party,9,0,0,0,1,0,0,0,0,0,0,0,0,150,0,0,0,0,103548,1,Helen Clark,23,150,103548,1663,1,0,0,Mt Albert,0395,28,2848,Bob,Clarkson,48,National Party,1,0,0,0,1,0,0,0,0,0,0,0,3,1,0,0,0,0,21157,0,Bob Clarkson,23,1,21157,266,1,0,0,Tauranga,0396,178,17848,Jonathan,Coleman,48,National Party,1,0,0,0,1,0,0,0,1,1,0,1,16,30,0,0,0,0,85697,0,Jonathan Coleman,23,30,85697,435,1,0,0,Northcote,0397,182,18248,Judith,Collins,48,National Party,2,0,0,0,1,0,0,0,0,0,0,0,68,35,0,0,0,0,140752,0,Judith Collins,23,35,140752,967,1,0,0,Clevedon,0398,34,3448,Brian,Connell,48,National Party,2,0,0,0,1,0,0,0,0,0,0,0,0,3,0,0,0,0,38660,0,Brian Connell,23,3,38660,169,1,0,0,Rakaia,0399,117,11748,Gordon,Copeland,48,United Future New Zealand / Independent,2,0,0,1,0,0,0,0,0,0,0,0,26,151,0,0,0,2,142207,1,Gordon Copeland,23,151,142207,472,1,0,0,Rongotai,0400,56,5648,Clayton,Cosgrove,48,Labour Party,3,0,0,0,1,0,0,0,0,0,0,0,0,139,0,0,0,0,143318,1,Clayton Cosgrove,23,139,143318,952,0,0,1,Waimakariri,0401,240,24048,Michael,Cullen,48,Labour Party,9,0,0,1,0,0,0,0,0,0,0,0,0,846,0,0,0,0,396803,1,Michael Cullen,23,846,396803,4258,0,1,0,ZZ_List only,0402,76,7648,David,Cunliffe,48,Labour Party,3,0,0,0,1,0,0,0,0,0,0,0,0,188,0,0,0,0,124203,1,David Cunliffe,23,188,124203,1414,1,0,0,New Lynn,0403,206,20648,Lianne,Dalziel,48,Labour Party,6,0,0,0,1,0,0,0,0,0,0,0,0,34,0,0,0,0,97459,1,Lianne Dalziel,23,34,97459,493,1,0,0,Christchurch East,0404,144,14448,Jacqui,Dean,48,National Party,1,0,0,0,1,0,0,0,0,0,0,0,3,17,0,0,0,1,60579,0,Jacqui Dean,23,17,60579,220,1,0,0,Otago,0405,313,31348,Rod,Donald,48,Green Party,4,0,0,1,0,0,0,0,0,0,0,0,0,0,0,0,0,0,0,0,Rod Donald,23,0,0,0,1,0,0,Banks Peninsula,0406,35,3548,Brian,Donnelly,48,New Zealand First Party,4,0,1,1,0,0,0,0,0,0,1,1,14,222,0,0,0,0,96685,1,Brian Donnelly,23,222,96685,406,1,0,0,Whangarei,0407,279,27948,Peter,Dunne,48,United Future New Zealand,8,0,0,0,1,0,0,0,0,0,0,0,20,53,0,0,0,0,136612,1,Peter Dunne,23,53,136612,467,1,0,0,Ohariu Belmont,0408,127,12748,Harry,Duynhoven,48,Labour Party,6,0,0,0,1,0,0,0,0,0,0,0,0,44,0,0,0,0,62381,1,Harry Duynhoven,23,44,62381,399,0,0,1,New Plymouth,0409,325,32548,Ruth,Dyson,48,Labour Party,5,0,0,0,1,0,0,0,0,0,0,0,0,22,0,0,0,0,130592,1,Ruth Dyson,23,22,130592,992,1,0,0,Banks Peninsula,0410,24,2448,Bill,English,48,National Party,6,0,0,0,1,0,0,0,0,0,0,0,199,126,0,0,0,1,237757,0,Bill English,23,126,237757,2368,1,0,0,Clutha-Southland,0411,323,32348,Russell,Fairbrother,48,Labour Party,2,0,0,1,0,0,0,0,0,0,0,0,46,97,0,0,0,0,111032,1,Russell Fairbrother,23,97,111032,460,1,0,0,Napier,0412,65,6548,Darien,Fenton,48,Labour Party,1,0,0,1,0,0,1,0,0,0,0,0,40,60,0,0,0,1,83247,1,Darien Fenton,23,60,83247,402,0,1,0,ZZ_List only,0413,349,34948,Taito Phillip,Field,48,Labour Party / Independent / NZ Pacific Party,5,0,0,0,1,0,0,0,0,0,0,0,5,89,0,0,0,0,11508,1,Taito Phillip Field,23,89,11508,86,1,0,0,Mangere,0414,52,5248,Christopher,Finlayson,48,National Party,1,0,0,1,0,0,0,0,0,0,0,0,24,614,0,0,0,0,236547,0,Christopher Finlayson,23,614,236547,656,1,0,0,Mana,0415,149,14948,Jeanette,Fitzsimons,48,Green Party,4,0,0,1,0,0,0,0,0,0,0,0,52,134,0,0,0,4,124095,0,Jeanette Fitzsimons,23,134,124095,532,1,0,0,Coromandel,0416,352,35248,Te Ururoa,Flavell,48,M_ori Party,1,1,1,0,0,1,1,3,15,16,23,32,45,26001,0,0,0,1,301336,0,Te Ururoa Flavell,23,26001,301336,648,1,0,0,ZWaiariki,1417,61,6148,Craig,Foss,48,National Party,1,0,0,0,1,0,0,0,0,0,0,0,2,42,0,0,0,0,89964,0,Craig Foss,23,42,89964,243,1,0,0,Tukituki,0418,228,22848,Martin,Gallagher,48,Labour Party,3,0,0,0,1,0,0,0,0,0,0,0,32,47,0,0,0,2,79407,1,Martin Gallagher,23,47,79407,301,1,0,0,Hamilton West,0419,286,28648,Phil,Goff,48,Labour Party,8,0,0,0,1,0,0,0,0,0,0,0,0,37,0,0,0,1,111463,1,Phil Goff,23,37,111463,779,1,0,0,Mt Roskill,0420,163,16348,Jo,Goodhew,48,National Party,1,0,0,0,1,0,0,0,0,0,0,0,2,9,0,0,0,0,53933,0,Jo Goodhew,23,9,53933,179,1,0,0,Aoraki,0421,225,22548,Mark,Gosche,48,Labour Party,4,0,0,0,1,0,0,0,0,0,0,0,40,39,0,0,0,0,90436,1,Mark Gosche,23,39,90436,385,1,0,0,Maungakiekie,0422,327,32748,Sandra,Goudie,48,National Party,2,0,0,0,1,0,0,0,0,0,0,0,12,66,0,0,0,1,76342,0,Sandra Goudie,23,66,76342,355,1,0,0,Coromandel,0423,354,35448,Tim,Groser,48,National Party,1,0,0,1,0,0,0,0,0,0,0,0,3,34,0,0,0,0,101862,0,Tim Groser,23,34,101862,192,0,1,0,ZZ_List only,0424,255,25548,Nathan,Guy,48,National Party,1,0,0,1,0,0,0,0,0,0,0,0,3,38,0,0,0,0,66260,0,Nathan Guy,23,38,66260,369,1,0,0,Otaki,0425,134,13448,Hone,Harawira,48,M_ori Party,1,1,1,0,0,1,1,3,5,6,7,7,14,15044,0,0,0,0,237664,0,Hone Harawira,23,15044,237664,517,0,0,1,ZTe Tai Tokerau,1426,11,1148,Ann,Hartley,48,Labour Party,3,0,0,1,0,0,0,0,0,0,0,0,6,4,0,0,0,0,3172,1,Ann Hartley,23,4,3172,65,1,0,0,Northcote,0427,110,11048,George,Hawkins,48,Labour Party,6,0,0,0,1,0,0,0,0,0,0,0,1,6,0,0,0,1,15704,1,George Hawkins,23,6,15704,56,0,0,1,Manurewa,0428,171,17148,John,Hayes,48,National Party,1,0,0,0,1,0,0,0,0,0,0,0,1,62,0,0,0,0,67295,0,John Hayes,23,62,67295,254,1,0,0,Wairarapa,0429,287,28748,Phil,Heatley,48,National Party,3,0,0,0,1,0,0,1,0,1,1,2,52,69,0,0,0,0,87987,0,Phil Heatley,23,69,87987,755,1,0,0,Whangarei,0430,351,35148,Tau,Henare,48,National Party,1,0,0,1,0,0,1,17,9,18,7,18,21,1153,0,0,0,0,89669,0,Tau Henare,23,1153,89669,951,1,0,0,Te Atatu,0431,67,6748,Dave,Hereora,48,Labour Party,2,0,0,1,0,0,1,1,3,3,4,6,27,604,0,0,0,0,39332,1,Dave Hereora,23,604,39332,177,1,0,0,Clevedon,0432,314,31448,Rodney,Hide,48,ACT New Zealand,4,0,0,0,1,0,0,0,0,0,1,1,48,32,0,2,2,5,140447,0,Rodney Hide,23,32,140447,1274,1,0,0,Epsom,0433,221,22148,Marian,Hobbs,48,Labour Party,4,0,0,0,1,0,0,0,0,0,0,0,33,17,0,0,0,2,37123,1,Marian Hobbs,23,17,37123,237,1,0,0,Wellington Central,0434,277,27748,Pete,Hodgson,48,Labour Party,6,0,0,0,1,0,0,0,0,0,0,0,0,44,0,0,0,0,169083,1,Pete Hodgson,23,44,169083,1773,1,0,0,Dunedin North,0435,264,26448,Parekura,Horomia,48,Labour Party,3,0,0,0,0,1,1,0,0,0,0,0,0,3778,0,0,0,0,73807,1,Parekura Horomia,23,3778,73807,597,1,0,0,ZIkaroa Rawhiti,1436,66,6648,Darren,Hughes,48,Labour Party,2,0,0,0,1,0,0,0,0,0,0,0,19,104,0,0,0,1,109077,1,Darren Hughes,23,104,109077,1028,1,0,0,Otaki,0437,270,27048,Paul,Hutchison,48,National Party,3,0,0,0,1,0,0,0,0,0,0,0,16,26,0,0,0,0,110607,0,Paul Hutchison,23,26,110607,424,1,0,0,Port Waikato,0438,331,33148,Shane,Jones,48,Labour Party,1,0,0,1,0,0,1,1,1,1,2,2,32,2872,0,0,0,0,109614,1,Shane Jones,23,2872,109614,595,1,0,0,Northland,0439,63,6348,Dail,Jones,48,New Zealand First Party,2,0,1,1,0,0,0,0,0,0,0,0,3,77,0,0,0,2,49245,1,Dail Jones,23,77,49245,204,1,0,0,Helensville,0440,346,34648,Sue,Kedgley,48,Green Party,3,0,0,1,0,0,0,0,0,0,0,0,27,105,0,0,0,2,81340,0,Sue Kedgley,23,105,81340,423,1,0,0,Wellington Central,0441,172,17248,John,Key,48,National Party,2,0,0,0,1,0,0,0,0,0,0,0,142,50,0,0,0,0,149762,0,John Key,23,50,149762,1355,1,0,0,Helensville,0442,15,1548,Annette,King,48,Labour Party,7,0,0,0,1,0,0,0,0,0,0,0,0,81,0,0,0,0,184219,1,Annette King,23,81,184219,1769,1,0,0,Rongotai,0443,59,5948,Colin,King,48,National Party,1,0,0,0,1,0,0,0,0,0,0,0,1,36,0,0,0,0,63488,0,Colin King,23,36,63488,156,1,0,0,Kaikoura,0444,374,37448,Winnie,Laban,48,Labour Party,3,0,0,0,1,0,0,0,0,0,0,0,0,87,0,0,0,0,20708,1,Winnie Laban,23,87,20708,55,1,0,0,Mana,0445,192,19248,Keith,Locke,48,Green Party,3,0,0,1,0,0,0,0,0,0,1,1,30,87,0,0,0,0,149054,0,Keith Locke,23,87,149054,592,1,0,0,Epsom,0446,247,24748,Moana,Mackey,48,Labour Party,2,0,0,1,0,0,1,0,2,2,1,2,66,37,0,0,0,0,85588,1,Moana Mackey,23,37,85588,415,1,0,0,East Coast,0447,341,34148,Steve,Maharey,48,Labour Party,6,0,0,0,1,0,0,0,0,0,0,0,1,105,0,0,0,2,155746,1,Steve Maharey,23,105,155746,1364,1,0,0,Palmerston North,0448,253,25348,Nanaia,Mahuta,48,Labour Party,4,0,0,0,0,1,1,0,0,0,0,0,0,909,0,0,0,0,50016,1,Nanaia Mahuta,23,909,50016,165,0,0,1,ZTainui,1449,361,36148,Trevor,Mallard,48,Labour Party,7,0,0,0,1,0,0,0,0,0,0,0,0,102,0,0,0,0,104720,1,Trevor Mallard,23,102,104720,1627,1,0,0,Hutt South,0450,371,37148,Wayne,Mapp,48,National Party,4,0,0,0,1,0,0,0,0,0,0,0,13,57,0,0,0,1,132862,0,Wayne Mapp,23,57,132862,566,1,0,0,North Shore,0451,319,31948,Ron,Mark,48,New Zealand First Party,4,0,1,1,0,0,1,0,0,0,0,0,36,210,0,0,0,1,178304,1,Ron Mark,23,210,178304,987,1,0,0,Waimakariri,0452,250,25048,Murray,Mccully,48,National Party,7,0,0,0,1,0,0,0,0,0,0,0,17,6,0,0,0,0,51608,0,Murray Mccully,23,6,51608,231,1,0,0,East Coast Bays,0453,347,34748,Sue,Moroney,48,Labour Party,1,0,0,1,0,0,0,0,1,1,0,1,40,44,0,0,0,0,71715,1,Sue Moroney,23,44,71715,420,1,0,0,Piako,0454,322,32248,Russel,Norman,48,Green Party,1,0,0,1,0,0,0,0,0,0,0,0,8,37,0,0,0,0,24797,0,Russel Norman,23,37,24797,93,0,1,0,ZZ_List only,0455,64,6448,Damien,O'Connor,48,Labour Party,5,0,0,0,1,0,0,0,0,0,0,0,0,73,0,0,0,0,70860,1,Damien O'Connor,23,73,70860,681,0,0,1,West Coast-Tasman,0456,215,21548,Mahara,Okeroa,48,Labour Party,3,0,0,0,0,1,1,0,0,0,0,0,0,1340,0,0,0,0,15851,1,Mahara Okeroa,23,1340,15851,57,1,0,0,ZTe Tai Tonga,1457,292,29248,Pita,Paraone,48,New Zealand First Party,2,0,1,1,0,0,1,1,3,3,3,5,18,4563,0,1,1,1,90723,1,Pita Paraone,23,4563,90723,393,1,0,0,Pakuranga,0458,79,7948,David,Parker,48,Labour Party,2,0,0,1,0,0,0,0,0,0,0,0,0,39,0,0,0,0,119698,1,David Parker,23,39,119698,1287,1,0,0,Otago,0459,5,548,Allan,Peachey,48,National Party,1,0,0,0,1,0,0,0,0,0,0,0,1,4,0,0,0,0,51383,0,Allan Peachey,23,4,51383,191,1,0,0,Tamaki,0460,375,37548,Winston,Peters,48,New Zealand First Party,9,0,1,1,0,0,1,0,0,0,1,1,17,70,0,0,0,0,166331,1,Winston Peters,23,70,166331,2194,1,0,0,Tauranga,0461,156,15648,Jill,Pettis,48,Labour Party,5,0,0,1,0,0,1,0,0,0,0,0,28,12,0,0,0,0,31983,1,Jill Pettis,23,12,31983,357,1,0,0,Whanganui,0462,213,21348,Lynne,Pillay,48,Labour Party,2,0,0,0,1,0,0,0,0,0,0,0,34,41,0,0,0,0,66459,1,Lynne Pillay,23,41,66459,399,1,0,0,Waitakere,0463,334,33448,Simon,Power,48,National Party,3,0,0,0,1,0,0,0,0,0,0,0,107,54,0,0,0,2,166013,0,Simon Power,23,54,166013,1196,1,0,0,Rangitikei,0464,190,19048,Katherine,Rich,48,National Party,3,0,0,1,0,0,0,0,0,0,0,0,63,69,0,0,0,0,85556,0,Katherine Rich,23,69,85556,484,1,0,0,Dunedin North,0465,246,24648,Mita,Ririnui,48,Labour Party,3,0,0,1,0,0,1,0,0,0,0,0,0,4187,0,0,0,0,58029,1,Mita Ririnui,23,4187,58029,236,1,0,0,ZWaiariki,1466,321,32148,Ross,Robertson,48,Labour Party,7,0,0,0,1,0,0,0,0,0,1,1,31,73,0,0,0,0,6891,1,Ross Robertson,23,73,6891,127,0,0,1,Manukau East,0467,128,12848,Heather,Roy,48,ACT New Zealand,2,0,0,1,0,0,0,0,0,0,0,0,23,42,0,0,0,2,97565,0,Heather Roy,23,42,97565,346,1,0,0,Ohariu Belmont,0468,99,9948,Eric,Roy,48,National Party,1,0,0,0,1,0,0,0,0,0,0,0,2,56,0,0,0,1,106486,0,Eric Roy,23,56,106486,360,1,0,0,Invercargill,0469,357,35748,Tony,Ryall,48,National Party,6,0,0,0,1,0,0,0,1,1,1,1,165,30,0,0,0,1,132045,0,Tony Ryall,23,30,132045,1331,1,0,0,Bay of Plenty,0470,96,9648,Dover,Samuels,48,Labour Party,4,0,0,1,0,0,1,0,0,0,0,0,0,1091,0,0,0,0,20742,1,Dover Samuels,23,1091,20742,103,1,0,0,ZTe Tai Tokerau,1471,191,19148,Katrina,Shanks,48,National Party,1,0,0,1,0,0,0,0,0,0,0,0,0,3,0,0,0,0,47674,0,Katrina Shanks,23,3,47674,117,0,1,0,Ohariu-Belmont,0472,293,29348,Pita,Sharples,48,M_ori Party,1,1,1,0,0,1,1,9,8,13,8,15,30,9847,0,0,0,0,195086,0,Pita Sharples,23,9847,195086,439,1,0,0,ZTamaki Makaurau,1473,57,5748,Clem,Simich,48,National Party,6,0,0,1,0,0,1,0,0,0,0,0,0,13,0,0,0,0,5039,0,Clem Simich,23,13,5039,8,1,0,0,Mangere,0474,344,34448,Su'a William,Sio,48,Labour Party,1,0,0,1,0,0,0,0,0,0,0,0,5,35,0,0,0,0,9178,1,Su'a William Sio,23,35,9178,39,0,1,0,ZZ_List only,0475,257,25748,Nick,Smith,48,National Party,6,0,0,0,1,0,0,0,1,1,0,1,103,96,0,0,0,3,212996,0,Nick Smith,23,96,212996,2422,1,0,0,Nelson,0476,209,20948,Lockwood,Smith,48,National Party,8,0,0,0,1,0,0,0,0,0,0,0,103,27,0,0,0,0,172978,0,Lockwood Smith,23,27,172978,1093,1,0,0,Rodney,0477,205,20548,Lesley,Soper,48,Labour Party,2,0,0,1,0,0,0,0,0,0,0,0,29,19,0,0,0,0,32631,1,Lesley Soper,23,19,32631,202,0,1,0,ZZ_List only,0478,19,1948,Barbara,Stewart,48,New Zealand First Party,2,0,1,1,0,0,0,0,0,0,0,0,35,16,0,0,0,1,85448,1,Barbara Stewart,23,16,85448,360,1,0,0,Piako,0479,229,22948,Maryan,Street,48,Labour Party,1,0,0,1,0,0,0,0,1,1,0,1,45,67,0,0,0,1,82590,1,Maryan Street,23,67,82590,510,1,0,0,Taranaki-King Country,0480,162,16248,Jim,Sutton,48,Labour Party,7,0,0,1,0,0,0,0,0,0,0,0,0,3,0,0,0,0,8699,1,Jim Sutton,23,3,8699,31,1,0,0,Aoraki,0481,272,27248,Paul,Swain,48,Labour Party,6,0,0,0,1,0,0,0,0,0,0,0,13,52,0,0,0,0,72028,1,Paul Swain,23,52,72028,359,1,0,0,Rimutaka,0482,254,25448,Nandor,Tanczos,48,Green Party,3,0,0,1,0,0,0,0,0,0,0,0,12,180,0,0,0,0,117266,0,Nandor Tanczos,23,180,117266,324,1,0,0,Auckland Central,0483,112,11248,Georgina,Te Heuheu,48,National Party,4,0,0,1,0,0,1,2,2,2,0,2,5,1159,0,0,0,0,89654,0,Georgina Te Heuheu,23,1159,89654,239,0,1,0,ZZ_List only,0484,207,20748,Lindsay,Tisch,48,National Party,3,0,0,0,1,0,0,0,0,0,0,0,1,14,0,0,0,0,73643,0,Lindsay Tisch,23,14,73643,432,1,0,0,Piako,0485,183,18348,Judith,Tizard,48,Labour Party,3,0,0,0,1,0,0,0,0,0,0,0,0,97,0,0,0,2,58719,1,Judith Tizard,23,97,58719,307,1,0,0,Auckland Central,0486,14,1448,Anne,Tolley,48,National Party,1,0,0,0,1,0,0,0,0,0,0,0,38,42,0,0,0,1,69296,0,Anne Tolley,23,42,69296,522,1,0,0,East Coast,0487,50,5048,Chris,Tremain,48,National Party,1,0,0,0,1,0,0,0,0,0,0,0,5,477,0,0,0,0,117702,0,Chris Tremain,23,477,117702,404,1,0,0,Napier,0488,238,23848,Metiria,Turei,48,Green Party,2,0,0,1,0,0,1,0,0,0,1,1,19,575,0,0,0,2,102661,0,Metiria Turei,23,575,102661,306,1,0,0,ZTe Tai Tonga,1489,350,35048,Tariana,Turia,48,M_ori Party,4,1,1,0,0,1,1,0,9,9,6,14,33,2179,0,1,1,1,125784,0,Tariana Turia,23,2179,125784,399,1,0,0,ZTe Tai Hauauru,1490,185,18548,Judy,Turner,48,United Future New Zealand,2,0,0,1,0,0,0,0,0,0,0,0,16,110,0,0,0,2,119817,1,Judy Turner,23,110,119817,305,1,0,0,East Coast,0491,258,25848,Nicky,Wagner,48,National Party,1,0,0,1,0,0,0,0,0,0,0,0,1,27,0,0,0,0,52698,0,Nicky Wagner,23,27,52698,107,1,0,0,Christchurch Central,0492,210,21048,Louisa,Wall,48,Labour Party,1,0,0,1,0,0,1,0,0,0,0,0,2,359,0,0,0,0,10115,1,Louisa Wall,23,359,10115,31,1,0,0,Port Waikato,0493,188,18848,Kate,Wilkinson,48,National Party,1,0,0,1,0,0,0,0,0,0,0,0,17,56,0,0,0,1,148558,0,Kate Wilkinson,23,56,148558,356,1,0,0,Waimakariri,0494,232,23248,Maurice,Williamson,48,National Party,7,0,0,0,1,0,0,0,0,0,0,0,16,29,0,0,0,0,109544,0,Maurice Williamson,23,29,109544,703,1,0,0,Pakuranga,0495,220,22048,Margaret,Wilson,48,Labour Party,3,0,0,1,0,0,0,0,0,0,0,0,0,2,0,0,0,0,3101,1,Margaret Wilson,23,2,3101,2,0,1,0,ZZ_List only,0496,263,26348,Pansy,Wong,48,National Party,4,0,0,1,0,0,0,0,0,0,0,0,8,20,0,0,0,0,92046,0,Pansy Wong,23,20,92046,272,1,0,0,Auckland Central,0497,94,9448,Doug,Woolerton,48,New Zealand First Party,4,0,1,1,0,0,0,0,0,0,1,1,28,13,0,1,1,1,122651,1,Doug Woolerton,23,13,122651,760,1,0,0,Hamilton East,0498,304,30448,Richard,Worth,48,National Party,3,0,0,1,0,0,0,0,0,0,0,0,4,32,0,0,0,0,134176,0,Richard Worth,23,32,134176,334,1,0,0,Epsom,0499,88,8848,Dianne,Yates,48,Labour Party,5,0,0,1,0,0,0,0,0,0,0,0,30,31,0,0,0,1,48997,1,Dianne Yates,23,31,48997,259,1,0,0,Hamilton East,0500,7,749,Amy,Adams,49,National Party,1,0,0,0,1,0,0,0,0,0,0,0,48,64,0,0,0,1,126406,1,Amy Adams,20,47,61843,225,1,0,0,Selwyn,0501,158,15849,Jim,Anderton,49,Jim Anderton's Progressive,9,0,0,0,1,0,0,0,0,0,0,0,19,22,0,0,0,0,54156,0,Jim Anderton,20,1,20094,100,1,0,0,Wigram,0502,330,33049,Shane,Ardern,49,National Party,5,0,0,0,1,0,0,0,0,0,0,0,28,24,0,0,0,1,48491,1,Shane Ardern,20,15,20686,93,1,0,0,Taranaki-King Country,0503,141,14149,Jacinda,Ardern,49,Labour Party,1,0,0,1,0,0,0,0,0,0,0,0,22,70,0,0,0,0,167538,0,Jacinda Ardern,20,26,58234,145,1,0,0,Waikato,0504,46,4649,Chris,Auchinvole,49,National Party,2,0,0,0,1,0,0,0,0,0,0,0,37,66,0,0,0,1,62074,1,Chris Auchinvole,20,15,26365,162,1,0,0,West Coast-Tasman,0505,187,18749,Kanwaljit Singh,Bakshi,49,National Party,1,0,0,1,0,0,0,0,0,0,0,0,11,23,0,0,0,1,32533,1,Kanwaljit Singh Bakshi,20,12,9376,25,1,0,0,Manukau East,0506,305,30549,Rick,Barker,49,Labour Party,6,0,0,1,0,0,0,0,0,0,0,0,5,23,0,0,0,0,49151,0,Rick Barker,20,2,5472,19,1,0,0,Tukituki,0507,42,4249,Carol,Beaumont,49,Labour Party,1,0,0,1,0,0,0,0,0,0,0,0,19,89,0,0,0,1,185157,0,Carol Beaumont,20,54,55352,115,1,0,0,Maungakiekie,0508,273,27349,Paula,Bennett,49,National Party,2,0,0,0,1,0,1,0,0,0,0,0,0,120,0,0,0,0,129800,1,Paula Bennett,20,57,49476,528,1,0,0,Waitakere,0509,69,6949,David,Bennett,49,National Party,2,0,0,0,1,0,0,0,0,0,0,0,51,45,0,0,0,0,123836,1,David Bennett,20,19,62072,297,1,0,0,Hamilton East,0510,143,14349,Jackie,Blue,49,National Party,2,0,0,1,0,0,0,0,0,0,0,0,30,23,0,0,0,1,63577,1,Jackie Blue,20,6,30425,108,1,0,0,Mt Roskill,0511,45,4549,Chester,Borrows,49,National Party,2,0,0,0,1,0,0,0,0,0,0,0,31,89,0,0,0,0,101737,1,Chester Borrows,20,37,44321,136,1,0,0,Whanganui,0512,168,16849,John,Boscawen,49,ACT New Zealand,1,0,0,1,0,0,0,2,2,4,4,6,53,328,0,0,0,0,192088,1,John Boscawen,20,133,75673,254,1,0,0,North Shore,0513,345,34549,Sue,Bradford,49,Green Party,4,0,0,1,0,0,0,0,0,0,0,0,9,57,0,0,0,1,36259,0,Sue Bradford,20,57,36259,108,1,0,0,East Coast Bays,0514,332,33249,Simon,Bridges,49,National Party,1,0,0,0,1,0,1,0,0,0,1,1,20,189,0,0,0,0,93122,1,Simon Bridges,20,96,40754,224,1,0,0,Tauranga,0515,114,11449,Gerry,Brownlee,49,National Party,5,0,0,0,1,0,0,0,0,0,0,0,0,107,0,0,0,0,186377,1,Gerry Brownlee,20,67,97407,1056,1,0,0,Ilam,0516,32,3249,Brendon,Burns,49,Labour Party,1,0,0,0,1,0,0,0,0,0,0,0,17,98,0,0,0,3,194755,0,Brendon Burns,20,29,50662,165,1,0,0,Christchurch Central,0517,39,3949,Cam,Calder,49,National Party,1,0,0,1,0,0,0,0,0,0,0,0,23,106,0,0,0,0,45360,1,Cam Calder,20,27,11281,63,1,0,0,Manurewa,0518,132,13249,Hilary,Calvert,49,ACT New Zealand,1,0,0,1,0,0,0,2,0,2,2,4,6,38,0,0,0,0,14387,1,Hilary Calvert,20,0,0,0,1,0,0,Dunedin North,0519,72,7249,David,Carter,49,National Party,6,0,0,1,0,0,0,0,0,0,0,0,0,21,0,0,0,0,51502,1,David Carter,20,6,16536,162,0,1,0,ZZ_List only,0520,169,16949,John,Carter,49,National Party,8,0,0,0,1,0,0,0,0,0,0,0,0,21,0,0,0,0,77221,1,John Carter,20,18,39511,202,1,0,0,Northland,0521,47,4749,Chris,Carter,49,Labour Party,4,0,0,0,1,0,0,0,1,1,1,1,8,53,0,0,0,0,50239,0,Chris Carter,20,35,37888,163,1,0,0,Te Atatu,0522,340,34049,Steve,Chadwick,49,Labour Party,4,0,0,1,0,0,0,0,1,1,1,1,6,201,0,0,0,0,83089,0,Steve Chadwick,20,56,24499,267,1,0,0,Rotorua,0523,44,4449,Charles,Chauvel,49,Labour Party,2,0,0,1,0,0,0,0,1,1,1,1,42,89,0,0,0,1,212386,0,Charles Chauvel,20,29,78958,405,1,0,0,Ohariu,0524,18,1849,Ashraf,Choudhary,49,Labour Party,3,0,0,1,0,0,0,0,0,0,0,0,0,12,0,0,0,0,32777,0,Ashraf Choudhary,20,0,4633,23,0,1,0,ZZ_List only,0525,130,13049,Helen,Clark,49,Labour Party,10,0,0,0,1,0,0,0,0,0,0,0,0,28,0,0,0,0,6089,0,Helen Clark,20,28,6089,3,1,0,0,Mt Albert,0526,75,7549,David,Clendon,49,Green Party,1,0,0,1,0,0,0,0,0,0,1,1,8,681,0,0,0,1,100524,0,David Clendon,20,174,12652,17,1,0,0,Helensville,0527,178,17849,Jonathan,Coleman,49,National Party,2,0,0,0,1,0,0,0,0,0,0,0,0,26,0,0,0,0,61305,1,Jonathan Coleman,20,11,27523,184,1,0,0,Northcote,0528,182,18249,Judith,Collins,49,National Party,3,0,0,0,1,0,0,0,0,0,0,0,0,46,0,0,0,0,102208,1,Judith Collins,20,18,47579,421,1,0,0,Papakura,0529,56,5649,Clayton,Cosgrove,49,Labour Party,4,0,0,0,1,0,0,0,0,0,0,0,69,151,0,0,0,0,271905,0,Clayton Cosgrove,20,80,168264,977,1,0,0,Waimakariri,0530,240,24049,Michael,Cullen,49,Labour Party,10,0,0,1,0,0,0,3,1,3,2,3,4,68,0,0,0,0,54658,0,Michael Cullen,20,68,54637,337,0,1,0,ZZ_List only,0531,76,7649,David,Cunliffe,49,Labour Party,4,0,0,0,1,0,0,0,0,0,0,0,150,243,0,0,0,0,296139,0,David Cunliffe,20,85,135020,946,1,0,0,New Lynn,0532,54,5449,Clare,Curran,49,Labour Party,1,0,0,0,1,0,0,0,0,0,0,0,27,144,0,0,0,0,111848,0,Clare Curran,20,52,24428,79,1,0,0,Dunedin South,0533,206,20649,Lianne,Dalziel,49,Labour Party,7,0,0,0,1,0,0,0,0,0,0,0,15,186,0,0,0,1,275998,0,Lianne Dalziel,20,91,106182,363,1,0,0,Christchurch East,0534,193,19349,Kelvin Glen,Davis,49,Labour Party,1,0,0,1,0,0,1,3,5,6,3,6,14,3311,0,0,0,0,122738,0,Kelvin Glen Davis,20,854,36229,98,1,0,0,ZTe Tai Tokerau,1535,144,14449,Jacqui,Dean,49,National Party,2,0,0,0,1,0,0,0,0,0,0,0,26,27,0,0,0,1,61142,1,Jacqui Dean,20,14,25869,113,1,0,0,Waitaki,0536,43,4349,Catherine,Delahunty,49,Green Party,1,0,0,1,0,0,0,0,1,1,2,2,27,1380,0,0,0,2,96223,0,Catherine Delahunty,20,777,33640,109,1,0,0,East Coast,0537,315,31549,Roger,Douglas,49,ACT New Zealand,1,0,0,1,0,0,0,0,0,0,0,0,8,13,0,0,0,5,61375,1,Roger Douglas,20,3,26623,102,1,0,0,Hunua,0538,279,27949,Peter,Dunne,49,United Future,9,0,0,0,1,0,0,0,0,0,0,0,0,51,0,0,0,0,127552,1,Peter Dunne,20,12,47606,138,1,0,0,Ohariu,0539,325,32549,Ruth,Dyson,49,Labour Party,6,0,0,0,1,0,0,0,0,0,0,0,66,35,0,0,0,1,136914,0,Ruth Dyson,20,3,40786,359,1,0,0,Port Hills,0540,24,2449,Bill,English,49,National Party,7,0,0,0,1,0,0,0,0,0,0,0,0,161,0,0,0,0,320536,1,Bill English,20,31,108610,1340,1,0,0,Clutha-Southland,0541,201,20149,Kris,Faafoi,49,Labour Party,1,0,0,0,1,0,0,0,0,0,0,0,0,87,0,0,0,0,39040,0,Kris Faafoi,20,0,0,0,0,0,1,Mana,0542,65,6549,Darien,Fenton,49,Labour Party,2,0,0,1,0,0,1,0,0,0,0,0,54,131,0,0,0,2,173911,0,Darien Fenton,20,30,61691,208,1,0,0,Helensville,0543,52,5249,Christopher,Finlayson,49,National Party,2,0,0,1,0,0,0,0,0,0,0,0,0,1414,0,1,1,1,116761,1,Christopher Finlayson,20,490,34185,226,1,0,0,Rongotai,0544,149,14949,Jeanette,Fitzsimons,49,Green Party,5,0,0,1,0,0,0,0,0,0,0,0,18,28,0,0,0,2,57277,0,Jeanette Fitzsimons,20,24,54251,221,0,1,0,ZZ_List only,0545,352,35249,Te Ururoa,Flavell,49,M?ori Party,2,1,1,0,0,1,1,2,13,13,12,19,31,41592,0,0,0,3,272430,1,Te Ururoa Flavell,20,11317,117237,255,1,0,0,ZWaiariki,1546,61,6149,Craig,Foss,49,National Party,2,0,0,0,1,0,0,0,0,0,0,0,69,34,0,0,0,1,114373,1,Craig Foss,20,24,59290,304,1,0,0,Tukituki,0547,77,7749,David,Garrett,49,ACT New Zealand,1,0,0,1,0,0,0,1,4,4,8,9,24,200,0,0,0,1,116463,1,David Garrett,20,89,74517,345,1,0,0,Helensville,0548,1,149,Aaron,Gilmore,49,National Party,1,0,0,1,0,0,1,0,0,0,0,0,37,81,0,0,0,0,80516,1,Aaron Gilmore,20,53,31944,129,1,0,0,Christchurch East,0549,286,28649,Phil,Goff,49,Labour Party,9,0,0,0,1,0,0,0,0,0,1,1,149,108,0,0,0,0,151717,0,Phil Goff,20,48,75775,738,1,0,0,Mt Roskill,0550,163,16349,Jo,Goodhew,49,National Party,2,0,0,0,1,0,0,0,0,0,0,0,33,57,0,0,0,0,49684,1,Jo Goodhew,20,33,23260,137,1,0,0,Rangitata,0551,327,32749,Sandra,Goudie,49,National Party,3,0,0,0,1,0,0,0,0,0,0,0,28,67,0,0,0,0,48274,1,Sandra Goudie,20,53,28970,199,1,0,0,Coromandel,0552,195,19549,Kennedy,Graham,49,Green Party,1,0,0,1,0,0,0,0,0,0,0,0,20,36,0,0,0,3,109221,0,Kennedy Graham,20,17,30499,126,1,0,0,Ilam,0553,354,35449,Tim,Groser,49,National Party,2,0,0,1,0,0,0,0,0,0,0,0,0,6,0,0,0,0,20684,1,Tim Groser,20,3,8811,50,1,0,0,New Lynn,0554,255,25549,Nathan,Guy,49,National Party,2,0,0,0,1,0,0,0,0,0,0,0,3,71,0,0,0,1,70940,1,Nathan Guy,20,31,34928,189,1,0,0,Otaki,0555,199,19949,Kevin,Hague,49,Green Party,1,0,0,1,0,0,0,0,0,0,0,0,21,218,0,0,0,0,94102,0,Kevin Hague,20,134,39265,98,1,0,0,West Coast-Tasman,0556,134,13449,Hone,Harawira,49,M?ori Party,2,1,1,0,0,1,1,0,1,1,8,9,17,6550,0,0,0,0,98069,1,Hone Harawira,20,2666,33175,128,1,0,0,ZTa Tai Tokerau,1557,110,11049,George,Hawkins,49,Labour Party,7,0,0,0,1,0,0,0,1,1,0,1,8,23,0,0,0,1,51740,0,George Hawkins,20,12,29145,148,0,0,1,Manurewa,0558,171,17149,John,Hayes,49,National Party,2,0,0,0,1,0,0,0,0,0,0,0,15,33,0,0,0,0,48693,1,John Hayes,20,2,22303,115,1,0,0,Wairarapa,0559,287,28749,Phil,Heatley,49,National Party,4,0,0,0,1,0,0,0,0,0,0,0,2,124,0,0,0,0,56911,1,Phil Heatley,20,55,19447,158,1,0,0,Whangarei,0560,351,35149,Tau,Henare,49,National Party,2,0,0,1,0,0,1,0,0,0,5,5,30,1029,0,0,0,1,91454,1,Tau Henare,20,375,37130,407,1,0,0,Te Atatu,0561,314,31449,Rodney,Hide,49,ACT New Zealand,5,0,0,0,1,0,0,0,0,0,3,3,13,133,0,0,0,0,125858,1,Rodney Hide,20,76,58021,455,1,0,0,Epsom,0562,49,4949,Chris,Hipkins,49,Labour Party,1,0,0,0,1,0,0,0,0,0,0,0,17,128,0,0,0,1,236773,0,Chris Hipkins,20,68,76671,372,1,0,0,Rimutaka,0563,277,27749,Pete,Hodgson,49,Labour Party,7,0,0,0,1,0,0,0,0,0,0,0,51,43,0,0,0,0,147060,0,Pete Hodgson,20,12,83851,511,1,0,0,Dunedin North,0564,264,26449,Parekura,Horomia,49,Labour Party,4,0,0,0,0,1,1,9,7,11,5,12,12,4914,0,0,0,0,96102,0,Parekura Horomia,20,1793,44864,172,1,0,0,ZIkaroa-Rawhiti,1565,105,10549,Gareth,Hughes,49,Green Party,1,0,0,1,0,0,0,0,0,0,0,0,20,518,0,0,0,0,78996,0,Gareth Hughes,20,0,0,0,0,1,0,ZZ_List only,0566,66,6649,Darren,Hughes,49,Labour Party,3,0,0,1,0,0,0,0,0,0,2,2,36,196,0,0,0,0,174084,0,Darren Hughes,20,92,79210,931,1,0,0,Otaki,0567,299,29949,Raymond,Huo,49,Labour Party,1,0,0,1,0,0,0,0,0,0,0,0,0,53,0,0,0,0,70599,0,Raymond Huo,20,22,27100,46,0,1,0,ZZ_List only,0568,270,27049,Paul,Hutchison,49,National Party,4,0,0,0,1,0,0,0,0,0,0,0,31,56,0,0,0,0,71781,1,Paul Hutchison,20,8,34182,182,1,0,0,Hunua,0569,331,33149,Shane,Jones,49,Labour Party,2,0,0,1,0,0,1,3,5,6,2,7,16,4824,0,0,0,0,166793,0,Shane Jones,20,1450,56578,244,1,0,0,Northland,0570,342,34249,Steven,Joyce,49,National Party,1,0,0,1,0,0,0,0,0,0,0,0,0,82,0,0,0,0,151124,1,Steven Joyce,20,15,53709,368,0,1,0,ZZ_List only,0571,295,29549,Rahui,Katene,49,M?ori Party,1,1,1,0,0,1,1,0,10,10,10,17,41,4242,0,1,1,3,263775,1,Rahui Katene,20,1822,100596,205,1,0,0,ZTe Tai Tonga,1572,259,25949,Nikki,Kaye,49,National Party,1,0,0,0,1,0,0,0,0,0,0,0,32,130,0,0,0,0,58694,1,Nikki Kaye,20,12,32770,120,1,0,0,Auckland Central,0573,346,34649,Sue,Kedgley,49,Green Party,4,0,0,1,0,0,0,0,0,0,0,0,26,30,0,0,0,1,126317,0,Sue Kedgley,20,15,49769,198,1,0,0,Wellington Central,0574,172,17249,John,Key,49,National Party,3,0,0,0,1,0,0,0,0,0,0,0,0,95,0,0,0,0,157174,1,John Key,20,37,58644,777,1,0,0,Helensville,0575,59,5949,Colin,King,49,National Party,2,0,0,0,1,0,0,0,1,1,0,1,35,42,0,0,0,0,63308,1,Colin King,20,16,25454,118,1,0,0,Kaikoura,0576,15,1549,Annette,King,49,Labour Party,8,0,0,0,1,0,0,1,1,2,1,3,157,213,0,0,0,0,140759,0,Annette King,20,34,58751,529,1,0,0,Rongotai,0577,374,37449,Winnie,Laban,49,Labour Party,4,0,0,0,1,0,0,0,0,0,0,0,1,113,0,0,0,1,18050,0,Winnie Laban,20,34,7623,21,1,0,0,Mana,0578,236,23649,Melissa,Lee,49,National Party,1,0,0,1,0,0,0,0,0,0,0,0,21,138,0,0,0,0,45500,1,Melissa Lee,20,119,19621,68,0,1,0,ZZ_List only,0579,135,13549,Iain,Lees-Galloway,49,Labour Party,1,0,0,0,1,0,0,0,0,0,0,0,6,108,0,0,0,1,128552,0,Iain Lees-Galloway,20,39,26242,110,1,0,0,Palmerston North,0580,192,19249,Keith,Locke,49,Green Party,4,0,0,1,0,0,0,0,0,0,0,0,20,44,0,0,0,1,152900,0,Keith Locke,20,19,48433,142,1,0,0,Epsom,0581,276,27649,Peseta Sam,Lotu-Iiga,49,National Party,1,0,0,0,1,0,0,0,0,0,0,0,50,84,0,0,0,0,78417,1,Peseta Sam Lotu-Iiga,20,62,30279,164,1,0,0,Maungakiekie,0582,355,35549,Tim,Macindoe,49,National Party,1,0,0,0,1,0,0,0,0,0,0,0,40,143,0,0,0,0,61519,1,Tim Macindoe,20,113,23307,102,1,0,0,Hamilton West,0583,247,24749,Moana,Mackey,49,Labour Party,3,0,0,1,0,0,1,0,0,0,0,0,18,107,0,0,0,0,228328,0,Moana Mackey,20,33,98792,462,1,0,0,East Coast,0584,253,25349,Nanaia,Mahuta,49,Labour Party,5,0,0,0,0,1,1,3,3,4,2,4,13,1595,0,1,1,1,110527,0,Nanaia Mahuta,20,551,32996,76,1,0,0,ZHauraki-Waikato,1585,361,36149,Trevor,Mallard,49,Labour Party,8,0,0,0,1,0,0,0,1,1,1,1,114,161,0,0,0,0,333556,0,Trevor Mallard,20,58,116380,1556,1,0,0,Hutt South,0586,371,37149,Wayne,Mapp,49,National Party,5,0,0,0,1,0,0,0,0,0,0,0,0,37,0,0,0,0,52559,1,Wayne Mapp,20,5,15231,93,1,0,0,North Shore,0587,356,35649,Todd,Mcclay,49,National Party,1,0,0,0,1,0,0,0,0,0,0,0,28,110,0,0,0,1,68990,1,Todd Mcclay,20,50,36452,122,1,0,0,Rotorua,0588,250,25049,Murray,Mccully,49,National Party,8,0,0,0,1,0,0,0,0,0,0,0,0,1,0,0,0,1,11882,1,Murray Mccully,20,0,4740,33,1,0,0,East Coast Bays,0589,347,34749,Sue,Moroney,49,Labour Party,2,0,0,1,0,0,0,0,0,0,0,0,37,119,0,0,0,0,119501,0,Sue Moroney,20,10,41885,194,1,0,0,Hamilton East,0590,343,34349,Stuart,Nash,49,Labour Party,1,0,0,1,0,0,0,0,0,0,0,0,11,91,0,0,0,0,257125,0,Stuart Nash,20,19,70330,219,0,1,0,ZZ_List only,0591,322,32249,Russel,Norman,49,Green Party,2,0,0,1,0,0,0,0,0,0,0,0,79,157,0,0,0,1,178569,0,Russel Norman,20,46,67648,268,1,0,0,Rongotai,0592,64,6449,Damien,O'Connor,49,Labour Party,6,0,0,1,0,0,0,0,0,0,0,0,14,133,0,0,0,0,95076,0,Damien O'Connor,20,25,15830,54,0,1,0,ZZ_List only,0593,129,12949,Hekia,Parata,49,National Party,1,0,0,1,0,0,1,0,1,1,3,3,27,1733,0,0,0,0,61651,1,Hekia Parata,20,949,26122,108,1,0,0,Mana,0594,79,7949,David,Parker,49,Labour Party,3,0,0,1,0,0,0,0,2,2,9,9,91,177,0,0,0,0,336024,0,David Parker,20,50,124271,618,1,0,0,Waitaki,0595,5,549,Allan,Peachey,49,National Party,2,0,0,0,1,0,0,0,0,0,0,0,28,17,0,0,0,1,53669,1,Allan Peachey,20,16,29771,164,1,0,0,Tamaki,0596,213,21349,Lynne,Pillay,49,Labour Party,3,0,0,1,0,0,0,0,0,0,0,0,11,46,0,0,0,0,107143,0,Lynne Pillay,20,14,35206,209,1,0,0,Waitakere,0597,334,33449,Simon,Power,49,National Party,4,0,0,0,1,0,0,0,0,0,0,0,0,72,0,0,0,0,154849,1,Simon Power,20,23,76508,409,1,0,0,Rangitikei,0598,296,29649,Rajen,Prasad,49,Labour Party,1,0,0,1,0,0,0,0,0,0,0,0,3,87,0,0,0,0,87135,0,Rajen Prasad,20,46,29194,107,0,1,0,ZZ_List only,0599,271,27149,Paul,Quinn,49,National Party,1,0,0,1,0,0,1,0,0,0,5,5,24,1190,0,0,0,1,82486,1,Paul Quinn,20,422,38447,422,1,0,0,Hutt South,0600,246,24649,Mita,Ririnui,49,Labour Party,4,0,0,1,0,0,1,1,3,3,0,3,3,5144,0,0,0,0,66814,0,Mita Ririnui,20,2497,38639,108,1,0,0,ZWaiariki,1601,321,32149,Ross,Robertson,49,Labour Party,8,0,0,0,1,0,0,0,0,0,0,0,2,390,0,0,0,0,28758,0,Ross Robertson,20,278,14683,89,0,0,1,Manukau East,0602,123,12349,Grant,Robertson,49,Labour Party,1,0,0,0,1,0,0,0,0,0,0,0,53,310,0,0,0,1,264609,0,Grant Robertson,20,173,68456,280,1,0,0,Wellington Central,0603,146,14649,Jami-Lee,Ross,49,National Party,1,0,0,0,1,0,0,0,0,0,0,0,3,10,0,0,0,0,10181,1,Jami-Lee Ross,20,0,0,0,0,0,1,Botany,0604,128,12849,Heather,Roy,49,ACT New Zealand,3,0,0,1,0,0,0,0,1,1,0,1,4,29,0,0,0,1,55198,1,Heather Roy,20,14,12465,48,1,0,0,Wellington Central,0605,99,9949,Eric,Roy,49,National Party,2,0,0,0,1,0,0,0,0,0,0,0,0,4,0,0,0,1,4406,1,Eric Roy,20,0,2316,7,1,0,0,Invercargill,0606,357,35749,Tony,Ryall,49,National Party,7,0,0,0,1,0,0,0,0,0,0,0,0,132,0,0,0,0,95955,1,Tony Ryall,20,62,33874,397,1,0,0,Bay of Plenty,0607,41,4149,Carmel,Sepuloni,49,Labour Party,1,0,0,1,0,0,0,0,0,0,0,0,5,139,0,0,0,1,113751,0,Carmel Sepuloni,20,99,42138,122,0,1,0,ZZ_List only,0608,191,19149,Katrina,Shanks,49,National Party,2,0,0,1,0,0,0,0,0,0,0,0,45,28,0,0,0,0,63622,1,Katrina Shanks,20,10,27230,120,1,0,0,Ohariu,0609,293,29349,Pita,Sharples,49,M?ori Party,2,1,1,0,0,1,1,0,0,0,0,0,0,4553,0,0,0,1,53642,1,Pita Sharples,20,1413,30670,155,1,0,0,ZTamaki Makaurau,1610,80,8049,David,Shearer,49,Labour Party,1,0,0,0,1,0,0,0,0,0,0,0,11,80,0,0,0,0,127754,0,David Shearer,20,33,13742,31,0,0,1,Mt Albert,0611,344,34449,Su'a William,Sio,49,Labour Party,2,0,0,0,1,0,0,0,0,0,0,0,12,281,0,0,0,0,90385,0,Su'a William Sio,20,144,37638,82,1,0,0,Mangere,0612,257,25749,Nick,Smith,49,National Party,7,0,0,0,1,0,0,0,0,0,0,0,0,151,0,0,0,0,215366,1,Nick Smith,20,46,112661,1177,1,0,0,Nelson,0613,209,20949,Lockwood,Smith,49,National Party,9,0,0,0,1,0,0,0,0,0,0,0,0,0,0,0,0,0,25,1,Lockwood Smith,20,0,25,1,1,0,0,Rodney,0614,229,22949,Maryan,Street,49,Labour Party,2,0,0,1,0,0,0,0,0,0,0,0,38,628,0,0,0,1,129785,0,Maryan Street,20,155,39986,215,1,0,0,Nelson,0615,112,11249,Georgina,Te Heuheu,49,National Party,5,0,0,1,0,0,1,0,0,0,0,0,0,271,0,0,0,0,27826,1,Georgina Te Heuheu,20,37,9425,44,0,1,0,ZZ_List only,0616,207,20749,Lindsay,Tisch,49,National Party,4,0,0,0,1,0,0,0,0,0,0,0,0,0,0,0,0,0,205,1,Lindsay Tisch,20,0,0,0,1,0,0,Waikato,0617,14,1449,Anne,Tolley,49,National Party,2,0,0,0,1,0,0,0,0,0,0,0,0,129,0,0,0,0,92092,1,Anne Tolley,20,47,41809,475,1,0,0,East Coast,0618,50,5049,Chris,Tremain,49,National Party,2,0,0,0,1,0,0,0,0,0,0,0,18,374,0,0,0,0,78813,1,Chris Tremain,20,122,37218,317,1,0,0,Napier,0619,238,23849,Metiria,Turei,49,Green Party,3,0,0,1,0,0,1,0,3,3,4,6,38,419,0,0,0,4,135420,0,Metiria Turei,20,197,69989,267,1,0,0,Dunedin North,0620,350,35049,Tariana,Turia,49,M?ori Party,5,1,1,0,0,1,1,0,0,0,0,0,0,2020,0,0,0,0,62627,1,Tariana Turia,20,474,22195,66,1,0,0,ZTe Tai Hauauru,1621,288,28849,Phil,Twyford,49,Labour Party,1,0,0,1,0,0,0,0,2,2,1,2,34,168,0,0,0,2,139904,0,Phil Twyford,20,108,45866,264,1,0,0,North Shore,0622,211,21149,Louise,Upston,49,National Party,1,0,0,0,1,0,0,0,1,1,0,1,27,230,0,0,0,0,67217,1,Louise Upston,20,28,23462,81,1,0,0,Taupo,0623,258,25849,Nicky,Wagner,49,National Party,2,0,0,1,0,0,0,0,0,0,0,0,45,94,0,0,0,1,66001,1,Nicky Wagner,20,30,31828,116,1,0,0,Christchurch Central,0624,210,21049,Louisa,Wall,49,Labour Party,2,0,0,1,0,0,0,0,0,0,0,0,0,61,0,0,0,0,11390,0,Louisa Wall,20,0,0,0,0,1,0,ZZ_List only,0625,188,18849,Kate,Wilkinson,49,National Party,2,0,0,1,0,0,0,0,0,0,0,0,0,51,0,0,0,0,59427,1,Kate Wilkinson,20,10,14479,137,1,0,0,Waimakariri,0626,232,23249,Maurice,Williamson,49,National Party,8,0,0,0,1,0,0,0,0,0,0,0,0,15,0,0,0,0,73307,1,Maurice Williamson,20,4,21992,106,1,0,0,Pakuranga,0627,263,26349,Pansy,Wong,49,National Party,5,0,0,0,1,0,0,0,0,0,0,0,0,16,0,0,0,0,30023,1,Pansy Wong,20,12,13660,81,1,0,0,Botany,0628,242,24249,Michael,Woodhouse,49,National Party,1,0,0,1,0,0,0,0,0,0,0,0,23,49,0,0,0,0,98610,1,Michael Woodhouse,20,26,39056,159,1,0,0,Dunedin North,0629,304,30449,Richard,Worth,49,National Party,4,0,0,1,0,0,0,0,0,0,0,0,0,4,0,0,0,0,15569,1,Richard Worth,20,4,15569,77,1,0,0,Epsom,0630,180,18049,Jonathan,Young,49,National Party,1,0,0,0,1,0,0,0,0,0,0,0,43,53,0,0,0,0,60383,1,Jonathan Young,20,19,30016,101,1,0,0,New Plymouth,0